json_path,sample_id,ball_count,sequence_length,collection_time,folder_name,relative_path
scratch/Ball_counting_CNN/ball_data_collection/1_balls/metadata/20250620_185247_695732_metadata.json,20250620_185247_695732,1,2,2025-06-20T18:53:08.348753,1_balls,1_balls/metadata/20250620_185247_695732_metadata.json
scratch/Ball_counting_CNN/ball_data_collection/1_balls/metadata/20250620_191938_135966_metadata.json,20250620_191938_135966,1,2,2025-06-20T19:19:39.767140,1_balls,1_balls/metadata/20250620_191938_135966_metadata.json
scratch/Ball_counting_CNN/ball_data_collection/1_balls/metadata/20250620_191621_503794_metadata.json,20250620_191621_503794,1,2,2025-06-20T19:16:36.221246,1_balls,1_balls/metadata/20250620_191621_503794_metadata.json
scratch/Ball_counting_CNN/ball_data_collection/1_balls/metadata/20250620_183051_175913_metadata.json,20250620_183051_175913,1,2,2025-06-20T18:31:04.807990,1_balls,1_balls/metadata/20250620_183051_175913_metadata.json
scratch/Ball_counting_CNN/ball_data_collection/1_balls/metadata/20250621_170713_708899_metadata.json,20250621_170713_708899,1,2,2025-06-21T17:07:19.936775,1_balls,1_balls/metadata/20250621_170713_708899_metadata.json
scratch/Ball_counting_CNN/ball_data_collection/1_balls/metadata/20250621_172942_428751_metadata.json,20250621_172942_428751,1,2,2025-06-21T17:29:46.271312,1_balls,1_balls/metadata/20250621_172942_428751_metadata.json
scratch/Ball_counting_CNN/ball_data_collection/1_balls/metadata/20250620_180832_712555_metadata.json,20250620_180832_712555,1,2,2025-06-20T18:08:41.711523,1_balls,1_balls/metadata/20250620_180832_712555_metadata.json
scratch/Ball_counting_CNN/ball_data_collection/1_balls/metadata/20250620_184344_089092_metadata.json,20250620_184344_089092,1,2,2025-06-20T18:43:45.640770,1_balls,1_balls/metadata/20250620_184344_089092_metadata.json
scratch/Ball_counting_CNN/ball_data_collection/1_balls/metadata/20250621_170936_700767_metadata.json,20250621_170936_700767,1,2,2025-06-21T17:10:11.632582,1_balls,1_balls/metadata/20250621_170936_700767_metadata.json
scratch/Ball_counting_CNN/ball_data_collection/1_balls/metadata/20250620_192159_575869_metadata.json,20250620_192159_575869,1,2,2025-06-20T19:22:09.386079,1_balls,1_balls/metadata/20250620_192159_575869_metadata.json
scratch/Ball_counting_CNN/ball_data_collection/1_balls/metadata/20250621_170744_996029_metadata.json,20250621_170744_996029,1,2,2025-06-21T17:07:57.350776,1_balls,1_balls/metadata/20250621_170744_996029_metadata.json
scratch/Ball_counting_CNN/ball_data_collection/1_balls/metadata/20250621_173105_172482_metadata.json,20250621_173105_172482,1,2,2025-06-21T17:31:11.560444,1_balls,1_balls/metadata/20250621_173105_172482_metadata.json
scratch/Ball_counting_CNN/ball_data_collection/1_balls/metadata/20250620_182553_264317_metadata.json,20250620_182553_264317,1,2,2025-06-20T18:26:04.462094,1_balls,1_balls/metadata/20250620_182553_264317_metadata.json
scratch/Ball_counting_CNN/ball_data_collection/1_balls/metadata/20250620_183702_529080_metadata.json,20250620_183702_529080,1,2,2025-06-20T18:37:23.154733,1_balls,1_balls/metadata/20250620_183702_529080_metadata.json
scratch/Ball_counting_CNN/ball_data_collection/1_balls/metadata/20250620_190159_520720_metadata.json,20250620_190159_520720,1,2,2025-06-20T19:02:09.433526,1_balls,1_balls/metadata/20250620_190159_520720_metadata.json
scratch/Ball_counting_CNN/ball_data_collection/1_balls/metadata/20250621_171310_693970_metadata.json,20250621_171310_693970,1,2,2025-06-21T17:13:15.746739,1_balls,1_balls/metadata/20250621_171310_693970_metadata.json
scratch/Ball_counting_CNN/ball_data_collection/1_balls/metadata/20250620_190454_023635_metadata.json,20250620_190454_023635,1,2,2025-06-20T19:05:12.249335,1_balls,1_balls/metadata/20250620_190454_023635_metadata.json
scratch/Ball_counting_CNN/ball_data_collection/1_balls/metadata/20250620_184353_552970_metadata.json,20250620_184353_552970,1,2,2025-06-20T18:43:58.729633,1_balls,1_balls/metadata/20250620_184353_552970_metadata.json
scratch/Ball_counting_CNN/ball_data_collection/1_balls/metadata/20250620_183932_961484_metadata.json,20250620_183932_961484,1,2,2025-06-20T18:39:44.846722,1_balls,1_balls/metadata/20250620_183932_961484_metadata.json
scratch/Ball_counting_CNN/ball_data_collection/1_balls/metadata/20250621_172915_492733_metadata.json,20250621_172915_492733,1,2,2025-06-21T17:29:21.818463,1_balls,1_balls/metadata/20250621_172915_492733_metadata.json
scratch/Ball_counting_CNN/ball_data_collection/1_balls/metadata/20250620_183448_272873_metadata.json,20250620_183448_272873,1,2,2025-06-20T18:35:02.686885,1_balls,1_balls/metadata/20250620_183448_272873_metadata.json
scratch/Ball_counting_CNN/ball_data_collection/1_balls/metadata/20250621_170303_941501_metadata.json,20250621_170303_941501,1,2,2025-06-21T17:03:06.659480,1_balls,1_balls/metadata/20250621_170303_941501_metadata.json
scratch/Ball_counting_CNN/ball_data_collection/1_balls/metadata/20250621_174123_541102_metadata.json,20250621_174123_541102,1,2,2025-06-21T17:41:29.701383,1_balls,1_balls/metadata/20250621_174123_541102_metadata.json
scratch/Ball_counting_CNN/ball_data_collection/1_balls/metadata/20250620_190600_336483_metadata.json,20250620_190600_336483,1,2,2025-06-20T19:06:07.894345,1_balls,1_balls/metadata/20250620_190600_336483_metadata.json
scratch/Ball_counting_CNN/ball_data_collection/1_balls/metadata/20250620_182701_064527_metadata.json,20250620_182701_064527,1,2,2025-06-20T18:27:14.576004,1_balls,1_balls/metadata/20250620_182701_064527_metadata.json
scratch/Ball_counting_CNN/ball_data_collection/1_balls/metadata/20250621_170313_677478_metadata.json,20250621_170313_677478,1,2,2025-06-21T17:03:20.024602,1_balls,1_balls/metadata/20250621_170313_677478_metadata.json
scratch/Ball_counting_CNN/ball_data_collection/1_balls/metadata/20250620_183227_879748_metadata.json,20250620_183227_879748,1,2,2025-06-20T18:32:39.048968,1_balls,1_balls/metadata/20250620_183227_879748_metadata.json
scratch/Ball_counting_CNN/ball_data_collection/1_balls/metadata/20250620_192620_608413_metadata.json,20250620_192620_608413,1,2,2025-06-20T19:26:31.656238,1_balls,1_balls/metadata/20250620_192620_608413_metadata.json
scratch/Ball_counting_CNN/ball_data_collection/1_balls/metadata/20250621_164807_020488_metadata.json,20250621_164807_020488,1,2,2025-06-21T16:48:23.998552,1_balls,1_balls/metadata/20250621_164807_020488_metadata.json
scratch/Ball_counting_CNN/ball_data_collection/1_balls/metadata/20250621_170545_644892_metadata.json,20250621_170545_644892,1,2,2025-06-21T17:05:58.025615,1_balls,1_balls/metadata/20250621_170545_644892_metadata.json
scratch/Ball_counting_CNN/ball_data_collection/1_balls/metadata/20250620_175604_673973_metadata.json,20250620_175604_673973,1,2,2025-06-20T17:56:13.318872,1_balls,1_balls/metadata/20250620_175604_673973_metadata.json
scratch/Ball_counting_CNN/ball_data_collection/1_balls/metadata/20250620_184827_073036_metadata.json,20250620_184827_073036,1,2,2025-06-20T18:48:35.432555,1_balls,1_balls/metadata/20250620_184827_073036_metadata.json
scratch/Ball_counting_CNN/ball_data_collection/1_balls/metadata/20250621_162721_411869_metadata.json,20250621_162721_411869,1,2,2025-06-21T16:27:40.916545,1_balls,1_balls/metadata/20250621_162721_411869_metadata.json
scratch/Ball_counting_CNN/ball_data_collection/1_balls/metadata/20250620_191326_008805_metadata.json,20250620_191326_008805,1,2,2025-06-20T19:13:43.175210,1_balls,1_balls/metadata/20250620_191326_008805_metadata.json
scratch/Ball_counting_CNN/ball_data_collection/1_balls/metadata/20250620_180451_481220_metadata.json,20250620_180451_481220,1,2,2025-06-20T18:05:14.318694,1_balls,1_balls/metadata/20250620_180451_481220_metadata.json
scratch/Ball_counting_CNN/ball_data_collection/1_balls/metadata/20250620_190520_663998_metadata.json,20250620_190520_663998,1,2,2025-06-20T19:05:25.837406,1_balls,1_balls/metadata/20250620_190520_663998_metadata.json
scratch/Ball_counting_CNN/ball_data_collection/1_balls/metadata/20250621_165648_756912_metadata.json,20250621_165648_756912,1,2,2025-06-21T16:56:50.342512,1_balls,1_balls/metadata/20250621_165648_756912_metadata.json
scratch/Ball_counting_CNN/ball_data_collection/1_balls/metadata/20250620_183254_208674_metadata.json,20250620_183254_208674,1,2,2025-06-20T18:32:55.834865,1_balls,1_balls/metadata/20250620_183254_208674_metadata.json
scratch/Ball_counting_CNN/ball_data_collection/1_balls/metadata/20250621_174946_947530_metadata.json,20250621_174946_947530,1,2,2025-06-21T17:49:55.730027,1_balls,1_balls/metadata/20250621_174946_947530_metadata.json
scratch/Ball_counting_CNN/ball_data_collection/1_balls/metadata/20250621_174326_395998_metadata.json,20250621_174326_395998,1,2,2025-06-21T17:43:50.479084,1_balls,1_balls/metadata/20250621_174326_395998_metadata.json
scratch/Ball_counting_CNN/ball_data_collection/1_balls/metadata/20250621_174703_396170_metadata.json,20250621_174703_396170,1,2,2025-06-21T17:47:06.017110,1_balls,1_balls/metadata/20250621_174703_396170_metadata.json
scratch/Ball_counting_CNN/ball_data_collection/1_balls/metadata/20250621_170135_796502_metadata.json,20250621_170135_796502,1,2,2025-06-21T17:01:40.797609,1_balls,1_balls/metadata/20250621_170135_796502_metadata.json
scratch/Ball_counting_CNN/ball_data_collection/1_balls/metadata/20250620_175617_001746_metadata.json,20250620_175617_001746,1,2,2025-06-20T17:56:31.230030,1_balls,1_balls/metadata/20250620_175617_001746_metadata.json
scratch/Ball_counting_CNN/ball_data_collection/1_balls/metadata/20250621_164651_021235_metadata.json,20250621_164651_021235,1,2,2025-06-21T16:47:03.266718,1_balls,1_balls/metadata/20250621_164651_021235_metadata.json
scratch/Ball_counting_CNN/ball_data_collection/1_balls/metadata/20250621_171629_276884_metadata.json,20250621_171629_276884,1,2,2025-06-21T17:16:41.433574,1_balls,1_balls/metadata/20250621_171629_276884_metadata.json
scratch/Ball_counting_CNN/ball_data_collection/1_balls/metadata/20250621_172452_140232_metadata.json,20250621_172452_140232,1,2,2025-06-21T17:25:09.362373,1_balls,1_balls/metadata/20250621_172452_140232_metadata.json
scratch/Ball_counting_CNN/ball_data_collection/1_balls/metadata/20250621_162744_588676_metadata.json,20250621_162744_588676,1,2,2025-06-21T16:28:13.426586,1_balls,1_balls/metadata/20250621_162744_588676_metadata.json
scratch/Ball_counting_CNN/ball_data_collection/1_balls/metadata/20250621_174555_516252_metadata.json,20250621_174555_516252,1,2,2025-06-21T17:45:59.406098,1_balls,1_balls/metadata/20250621_174555_516252_metadata.json
scratch/Ball_counting_CNN/ball_data_collection/1_balls/metadata/20250620_190336_160204_metadata.json,20250620_190336_160204,1,2,2025-06-20T19:03:43.699362,1_balls,1_balls/metadata/20250620_190336_160204_metadata.json
scratch/Ball_counting_CNN/ball_data_collection/1_balls/metadata/20250621_172519_076138_metadata.json,20250621_172519_076138,1,2,2025-06-21T17:25:35.127480,1_balls,1_balls/metadata/20250621_172519_076138_metadata.json
scratch/Ball_counting_CNN/ball_data_collection/1_balls/metadata/20250621_171105_365215_metadata.json,20250621_171105_365215,1,2,2025-06-21T17:11:14.809641,1_balls,1_balls/metadata/20250621_171105_365215_metadata.json
scratch/Ball_counting_CNN/ball_data_collection/1_balls/metadata/20250620_190653_880168_metadata.json,20250620_190653_880168,1,2,2025-06-20T19:07:00.233294,1_balls,1_balls/metadata/20250620_190653_880168_metadata.json
scratch/Ball_counting_CNN/ball_data_collection/1_balls/metadata/20250620_180721_960779_metadata.json,20250620_180721_960779,1,2,2025-06-20T18:07:44.807544,1_balls,1_balls/metadata/20250620_180721_960779_metadata.json
scratch/Ball_counting_CNN/ball_data_collection/1_balls/metadata/20250620_184654_272079_metadata.json,20250620_184654_272079,1,2,2025-06-20T18:47:04.228699,1_balls,1_balls/metadata/20250620_184654_272079_metadata.json
scratch/Ball_counting_CNN/ball_data_collection/1_balls/metadata/20250620_180221_441752_metadata.json,20250620_180221_441752,1,2,2025-06-20T18:02:34.558780,1_balls,1_balls/metadata/20250620_180221_441752_metadata.json
scratch/Ball_counting_CNN/ball_data_collection/1_balls/metadata/20250620_191726_360093_metadata.json,20250620_191726_360093,1,2,2025-06-20T19:17:33.855150,1_balls,1_balls/metadata/20250620_191726_360093_metadata.json
scratch/Ball_counting_CNN/ball_data_collection/1_balls/metadata/20250620_182459_848114_metadata.json,20250620_182459_848114,1,2,2025-06-20T18:25:15.845123,1_balls,1_balls/metadata/20250620_182459_848114_metadata.json
scratch/Ball_counting_CNN/ball_data_collection/1_balls/metadata/20250620_175800_193518_metadata.json,20250620_175800_193518,1,2,2025-06-20T17:58:08.812873,1_balls,1_balls/metadata/20250620_175800_193518_metadata.json
scratch/Ball_counting_CNN/ball_data_collection/1_balls/metadata/20250621_172110_013147_metadata.json,20250621_172110_013147,1,2,2025-06-21T17:21:21.016525,1_balls,1_balls/metadata/20250621_172110_013147_metadata.json
scratch/Ball_counting_CNN/ball_data_collection/1_balls/metadata/20250621_164444_875491_metadata.json,20250621_164444_875491,1,2,2025-06-21T16:45:02.021530,1_balls,1_balls/metadata/20250621_164444_875491_metadata.json
scratch/Ball_counting_CNN/ball_data_collection/1_balls/metadata/20250621_174149_845599_metadata.json,20250621_174149_845599,1,2,2025-06-21T17:42:13.077151,1_balls,1_balls/metadata/20250621_174149_845599_metadata.json
scratch/Ball_counting_CNN/ball_data_collection/1_balls/metadata/20250621_163157_629074_metadata.json,20250621_163157_629074,1,2,2025-06-21T16:32:17.044485,1_balls,1_balls/metadata/20250621_163157_629074_metadata.json
scratch/Ball_counting_CNN/ball_data_collection/1_balls/metadata/20250621_171552_700324_metadata.json,20250621_171552_700324,1,2,2025-06-21T17:16:05.608674,1_balls,1_balls/metadata/20250621_171552_700324_metadata.json
scratch/Ball_counting_CNN/ball_data_collection/1_balls/metadata/20250620_192509_288109_metadata.json,20250620_192509_288109,1,2,2025-06-20T19:25:16.688037,1_balls,1_balls/metadata/20250620_192509_288109_metadata.json
scratch/Ball_counting_CNN/ball_data_collection/1_balls/metadata/20250621_172428_052145_metadata.json,20250621_172428_052145,1,2,2025-06-21T17:24:47.495562,1_balls,1_balls/metadata/20250621_172428_052145_metadata.json
scratch/Ball_counting_CNN/ball_data_collection/1_balls/metadata/20250620_183128_768736_metadata.json,20250620_183128_768736,1,2,2025-06-20T18:31:38.609026,1_balls,1_balls/metadata/20250620_183128_768736_metadata.json
scratch/Ball_counting_CNN/ball_data_collection/1_balls/metadata/20250621_172709_300379_metadata.json,20250621_172709_300379,1,2,2025-06-21T17:27:15.537480,1_balls,1_balls/metadata/20250621_172709_300379_metadata.json
scratch/Ball_counting_CNN/ball_data_collection/1_balls/metadata/20250621_175122_675809_metadata.json,20250621_175122_675809,1,2,2025-06-21T17:51:39.713979,1_balls,1_balls/metadata/20250621_175122_675809_metadata.json
scratch/Ball_counting_CNN/ball_data_collection/1_balls/metadata/20250621_164353_763089_metadata.json,20250621_164353_763089,1,2,2025-06-21T16:44:18.034792,1_balls,1_balls/metadata/20250621_164353_763089_metadata.json
scratch/Ball_counting_CNN/ball_data_collection/1_balls/metadata/20250620_180651_752838_metadata.json,20250620_180651_752838,1,2,2025-06-20T18:07:02.902645,1_balls,1_balls/metadata/20250620_180651_752838_metadata.json
scratch/Ball_counting_CNN/ball_data_collection/1_balls/metadata/20250621_173124_765293_metadata.json,20250621_173124_765293,1,2,2025-06-21T17:31:37.054381,1_balls,1_balls/metadata/20250621_173124_765293_metadata.json
scratch/Ball_counting_CNN/ball_data_collection/1_balls/metadata/20250621_174725_445207_metadata.json,20250621_174725_445207,1,2,2025-06-21T17:47:32.845989,1_balls,1_balls/metadata/20250621_174725_445207_metadata.json
scratch/Ball_counting_CNN/ball_data_collection/1_balls/metadata/20250621_163117_836730_metadata.json,20250621_163117_836730,1,2,2025-06-21T16:31:29.983443,1_balls,1_balls/metadata/20250621_163117_836730_metadata.json
scratch/Ball_counting_CNN/ball_data_collection/1_balls/metadata/20250620_190133_799626_metadata.json,20250620_190133_799626,1,2,2025-06-20T19:01:37.675375,1_balls,1_balls/metadata/20250620_190133_799626_metadata.json
scratch/Ball_counting_CNN/ball_data_collection/1_balls/metadata/20250621_165506_933393_metadata.json,20250621_165506_933393,1,2,2025-06-21T16:55:12.049650,1_balls,1_balls/metadata/20250621_165506_933393_metadata.json
scratch/Ball_counting_CNN/ball_data_collection/1_balls/metadata/20250620_191748_671766_metadata.json,20250620_191748_671766,1,2,2025-06-20T19:18:02.133104,1_balls,1_balls/metadata/20250620_191748_671766_metadata.json
scratch/Ball_counting_CNN/ball_data_collection/1_balls/metadata/20250620_191252_392642_metadata.json,20250620_191252_392642,1,2,2025-06-20T19:13:12.939249,1_balls,1_balls/metadata/20250620_191252_392642_metadata.json
scratch/Ball_counting_CNN/ball_data_collection/1_balls/metadata/20250620_183509_320788_metadata.json,20250620_183509_320788,1,2,2025-06-20T18:35:34.824809,1_balls,1_balls/metadata/20250620_183509_320788_metadata.json
scratch/Ball_counting_CNN/ball_data_collection/1_balls/metadata/20250621_170534_396930_metadata.json,20250621_170534_396930,1,2,2025-06-21T17:05:39.655554,1_balls,1_balls/metadata/20250621_170534_396930_metadata.json
scratch/Ball_counting_CNN/ball_data_collection/1_balls/metadata/20250620_183835_400448_metadata.json,20250620_183835_400448,1,2,2025-06-20T18:38:46.597738,1_balls,1_balls/metadata/20250620_183835_400448_metadata.json
scratch/Ball_counting_CNN/ball_data_collection/1_balls/metadata/20250620_191016_656082_metadata.json,20250620_191016_656082,1,2,2025-06-20T19:10:26.363284,1_balls,1_balls/metadata/20250620_191016_656082_metadata.json
scratch/Ball_counting_CNN/ball_data_collection/1_balls/metadata/20250621_165900_628319_metadata.json,20250621_165900_628319,1,2,2025-06-21T16:59:11.797670,1_balls,1_balls/metadata/20250621_165900_628319_metadata.json
scratch/Ball_counting_CNN/ball_data_collection/1_balls/metadata/20250621_175054_196574_metadata.json,20250621_175054_196574,1,2,2025-06-21T17:51:15.967067,1_balls,1_balls/metadata/20250621_175054_196574_metadata.json
scratch/Ball_counting_CNN/ball_data_collection/1_balls/metadata/20250621_171506_445303_metadata.json,20250621_171506_445303,1,2,2025-06-21T17:15:18.530667,1_balls,1_balls/metadata/20250621_171506_445303_metadata.json
scratch/Ball_counting_CNN/ball_data_collection/1_balls/metadata/20250621_172639_700748_metadata.json,20250621_172639_700748,1,2,2025-06-21T17:26:43.815363,1_balls,1_balls/metadata/20250621_172639_700748_metadata.json
scratch/Ball_counting_CNN/ball_data_collection/1_balls/metadata/20250621_165952_156942_metadata.json,20250621_165952_156942,1,2,2025-06-21T17:00:17.588551,1_balls,1_balls/metadata/20250621_165952_156942_metadata.json
scratch/Ball_counting_CNN/ball_data_collection/1_balls/metadata/20250620_180416_833705_metadata.json,20250620_180416_833705,1,2,2025-06-20T18:04:29.041654,1_balls,1_balls/metadata/20250620_180416_833705_metadata.json
scratch/Ball_counting_CNN/ball_data_collection/1_balls/metadata/20250620_182520_056498_metadata.json,20250620_182520_056498,1,2,2025-06-20T18:25:22.806260,1_balls,1_balls/metadata/20250620_182520_056498_metadata.json
scratch/Ball_counting_CNN/ball_data_collection/1_balls/metadata/20250621_174318_508052_metadata.json,20250621_174318_508052,1,2,2025-06-21T17:43:22.369139,1_balls,1_balls/metadata/20250621_174318_508052_metadata.json
scratch/Ball_counting_CNN/ball_data_collection/1_balls/metadata/20250621_164610_109386_metadata.json,20250621_164610_109386,1,2,2025-06-21T16:46:17.341536,1_balls,1_balls/metadata/20250621_164610_109386_metadata.json
scratch/Ball_counting_CNN/ball_data_collection/1_balls/metadata/20250621_163019_357436_metadata.json,20250621_163019_357436,1,2,2025-06-21T16:30:32.500480,1_balls,1_balls/metadata/20250621_163019_357436_metadata.json
scratch/Ball_counting_CNN/ball_data_collection/1_balls/metadata/20250620_192526_104044_metadata.json,20250620_192526_104044,1,2,2025-06-20T19:25:35.891032,1_balls,1_balls/metadata/20250620_192526_104044_metadata.json
scratch/Ball_counting_CNN/ball_data_collection/1_balls/metadata/20250621_172806_948242_metadata.json,20250621_172806_948242,1,2,2025-06-21T17:28:13.119395,1_balls,1_balls/metadata/20250621_172806_948242_metadata.json
scratch/Ball_counting_CNN/ball_data_collection/1_balls/metadata/20250620_182627_000875_metadata.json,20250620_182627_000875,1,2,2025-06-20T18:26:40.096050,1_balls,1_balls/metadata/20250620_182627_000875_metadata.json
scratch/Ball_counting_CNN/ball_data_collection/1_balls/metadata/20250621_173053_268987_metadata.json,20250621_173053_268987,1,2,2025-06-21T17:30:57.245432,1_balls,1_balls/metadata/20250621_173053_268987_metadata.json
scratch/Ball_counting_CNN/ball_data_collection/1_balls/metadata/20250620_191347_920217_metadata.json,20250620_191347_920217,1,2,2025-06-20T19:14:00.268266,1_balls,1_balls/metadata/20250620_191347_920217_metadata.json
scratch/Ball_counting_CNN/ball_data_collection/1_balls/metadata/20250621_165420_237422_metadata.json,20250621_165420_237422,1,2,2025-06-21T16:54:27.753533,1_balls,1_balls/metadata/20250621_165420_237422_metadata.json
scratch/Ball_counting_CNN/ball_data_collection/1_balls/metadata/20250621_164832_748242_metadata.json,20250621_164832_748242,1,2,2025-06-21T16:48:55.796536,1_balls,1_balls/metadata/20250621_164832_748242_metadata.json
scratch/Ball_counting_CNN/ball_data_collection/1_balls/metadata/20250620_185025_095658_metadata.json,20250620_185025_095658,1,2,2025-06-20T18:50:32.546704,1_balls,1_balls/metadata/20250620_185025_095658_metadata.json
scratch/Ball_counting_CNN/ball_data_collection/1_balls/metadata/20250621_164736_940174_metadata.json,20250621_164736_940174,1,2,2025-06-21T16:47:45.520517,1_balls,1_balls/metadata/20250621_164736_940174_metadata.json
scratch/Ball_counting_CNN/ball_data_collection/1_balls/metadata/20250621_165433_613423_metadata.json,20250621_165433_613423,1,2,2025-06-21T16:54:41.215550,1_balls,1_balls/metadata/20250621_165433_613423_metadata.json
scratch/Ball_counting_CNN/ball_data_collection/1_balls/metadata/20250620_175722_192813_metadata.json,20250620_175722_192813,1,2,2025-06-20T17:57:29.577823,1_balls,1_balls/metadata/20250620_175722_192813_metadata.json
scratch/Ball_counting_CNN/ball_data_collection/1_balls/metadata/20250621_165553_493492_metadata.json,20250621_165553_493492,1,2,2025-06-21T16:56:00.622547,1_balls,1_balls/metadata/20250621_165553_493492_metadata.json
scratch/Ball_counting_CNN/ball_data_collection/1_balls/metadata/20250620_182347_863099_metadata.json,20250620_182347_863099,1,2,2025-06-20T18:24:00.155189,1_balls,1_balls/metadata/20250620_182347_863099_metadata.json
scratch/Ball_counting_CNN/ball_data_collection/1_balls/metadata/20250620_175912_225772_metadata.json,20250620_175912_225772,1,2,2025-06-20T17:59:32.841813,1_balls,1_balls/metadata/20250620_175912_225772_metadata.json
scratch/Ball_counting_CNN/ball_data_collection/1_balls/metadata/20250621_174528_061167_metadata.json,20250621_174528_061167,1,2,2025-06-21T17:45:38.002049,1_balls,1_balls/metadata/20250621_174528_061167_metadata.json
scratch/Ball_counting_CNN/ball_data_collection/1_balls/metadata/20250620_184054_736824_metadata.json,20250620_184054_736824,1,2,2025-06-20T18:41:15.531757,1_balls,1_balls/metadata/20250620_184054_736824_metadata.json
scratch/Ball_counting_CNN/ball_data_collection/1_balls/metadata/20250620_184321_735723_metadata.json,20250620_184321_735723,1,2,2025-06-20T18:43:28.054715,1_balls,1_balls/metadata/20250620_184321_735723_metadata.json
scratch/Ball_counting_CNN/ball_data_collection/1_balls/metadata/20250620_185430_104639_metadata.json,20250620_185430_104639,1,2,2025-06-20T18:54:47.220542,1_balls,1_balls/metadata/20250620_185430_104639_metadata.json
scratch/Ball_counting_CNN/ball_data_collection/1_balls/metadata/20250621_165638_092815_metadata.json,20250621_165638_092815,1,2,2025-06-21T16:56:41.881543,1_balls,1_balls/metadata/20250621_165638_092815_metadata.json
scratch/Ball_counting_CNN/ball_data_collection/1_balls/metadata/20250621_172841_092183_metadata.json,20250621_172841_092183,1,2,2025-06-21T17:28:43.716449,1_balls,1_balls/metadata/20250621_172841_092183_metadata.json
scratch/Ball_counting_CNN/ball_data_collection/1_balls/metadata/20250620_184150_536837_metadata.json,20250620_184150_536837,1,2,2025-06-20T18:42:13.412740,1_balls,1_balls/metadata/20250620_184150_536837_metadata.json
scratch/Ball_counting_CNN/ball_data_collection/1_balls/metadata/20250621_163348_684929_metadata.json,20250621_163348_684929,1,2,2025-06-21T16:34:11.858608,1_balls,1_balls/metadata/20250621_163348_684929_metadata.json
scratch/Ball_counting_CNN/ball_data_collection/1_balls/metadata/20250620_190626_247995_metadata.json,20250620_190626_247995,1,2,2025-06-20T19:06:29.041398,1_balls,1_balls/metadata/20250620_190626_247995_metadata.json
scratch/Ball_counting_CNN/ball_data_collection/1_balls/metadata/20250620_190923_543635_metadata.json,20250620_190923_543635,1,2,2025-06-20T19:09:42.907235,1_balls,1_balls/metadata/20250620_190923_543635_metadata.json
scratch/Ball_counting_CNN/ball_data_collection/1_balls/metadata/20250621_173042_420448_metadata.json,20250621_173042_420448,1,2,2025-06-21T17:30:49.961531,1_balls,1_balls/metadata/20250621_173042_420448_metadata.json
scratch/Ball_counting_CNN/ball_data_collection/1_balls/metadata/20250620_191833_416362_metadata.json,20250620_191833_416362,1,2,2025-06-20T19:18:44.699238,1_balls,1_balls/metadata/20250620_191833_416362_metadata.json
scratch/Ball_counting_CNN/ball_data_collection/1_balls/metadata/20250620_180846_952335_metadata.json,20250620_180846_952335,1,2,2025-06-20T18:08:57.756559,1_balls,1_balls/metadata/20250620_180846_952335_metadata.json
scratch/Ball_counting_CNN/ball_data_collection/1_balls/metadata/20250621_174652_836649_metadata.json,20250621_174652_836649,1,2,2025-06-21T17:46:59.039090,1_balls,1_balls/metadata/20250621_174652_836649_metadata.json
scratch/Ball_counting_CNN/ball_data_collection/1_balls/metadata/20250620_182811_016850_metadata.json,20250620_182811_016850,1,2,2025-06-20T18:28:25.991199,1_balls,1_balls/metadata/20250620_182811_016850_metadata.json
scratch/Ball_counting_CNN/ball_data_collection/1_balls/metadata/20250620_182403_552488_metadata.json,20250620_182403_552488,1,2,2025-06-20T18:24:18.041148,1_balls,1_balls/metadata/20250620_182403_552488_metadata.json
scratch/Ball_counting_CNN/ball_data_collection/1_balls/metadata/20250620_175818_705657_metadata.json,20250620_175818_705657,1,2,2025-06-20T17:58:27.284994,1_balls,1_balls/metadata/20250620_175818_705657_metadata.json
scratch/Ball_counting_CNN/ball_data_collection/1_balls/metadata/20250620_190121_016013_metadata.json,20250620_190121_016013,1,2,2025-06-20T19:01:26.060454,1_balls,1_balls/metadata/20250620_190121_016013_metadata.json
scratch/Ball_counting_CNN/ball_data_collection/1_balls/metadata/20250625_142226_437110_metadata.json,20250625_142226_437110,1,2,2025-06-25T14:22:33.966116,1_balls,1_balls/metadata/20250625_142226_437110_metadata.json
scratch/Ball_counting_CNN/ball_data_collection/1_balls/metadata/20250620_184708_472205_metadata.json,20250620_184708_472205,1,2,2025-06-20T18:47:14.758780,1_balls,1_balls/metadata/20250620_184708_472205_metadata.json
scratch/Ball_counting_CNN/ball_data_collection/1_balls/metadata/20250620_183909_800986_metadata.json,20250620_183909_800986,1,2,2025-06-20T18:39:21.688820,1_balls,1_balls/metadata/20250620_183909_800986_metadata.json
scratch/Ball_counting_CNN/ball_data_collection/1_balls/metadata/20250620_182645_727117_metadata.json,20250620_182645_727117,1,2,2025-06-20T18:26:58.041047,1_balls,1_balls/metadata/20250620_182645_727117_metadata.json
scratch/Ball_counting_CNN/ball_data_collection/1_balls/metadata/20250621_172746_292485_metadata.json,20250621_172746_292485,1,2,2025-06-21T17:27:51.350386,1_balls,1_balls/metadata/20250621_172746_292485_metadata.json
scratch/Ball_counting_CNN/ball_data_collection/1_balls/metadata/20250621_165619_941784_metadata.json,20250621_165619_941784,1,2,2025-06-21T16:56:31.044729,1_balls,1_balls/metadata/20250621_165619_941784_metadata.json
scratch/Ball_counting_CNN/ball_data_collection/1_balls/metadata/20250621_175243_538246_metadata.json,20250621_175243_538246,1,2,2025-06-21T17:53:11.268026,1_balls,1_balls/metadata/20250621_175243_538246_metadata.json
scratch/Ball_counting_CNN/ball_data_collection/1_balls/metadata/20250621_170234_613188_metadata.json,20250621_170234_613188,1,2,2025-06-21T17:02:43.189521,1_balls,1_balls/metadata/20250621_170234_613188_metadata.json
scratch/Ball_counting_CNN/ball_data_collection/1_balls/metadata/20250621_172351_556621_metadata.json,20250621_172351_556621,1,2,2025-06-21T17:24:13.372492,1_balls,1_balls/metadata/20250621_172351_556621_metadata.json
scratch/Ball_counting_CNN/ball_data_collection/1_balls/metadata/20250621_174359_612671_metadata.json,20250621_174359_612671,1,2,2025-06-21T17:44:20.161300,1_balls,1_balls/metadata/20250621_174359_612671_metadata.json
scratch/Ball_counting_CNN/ball_data_collection/1_balls/metadata/20250621_163002_085077_metadata.json,20250621_163002_085077,1,2,2025-06-21T16:30:13.814455,1_balls,1_balls/metadata/20250621_163002_085077_metadata.json
scratch/Ball_counting_CNN/ball_data_collection/1_balls/metadata/20250620_175549_769032_metadata.json,20250620_175549_769032,1,2,2025-06-20T17:55:55.916894,1_balls,1_balls/metadata/20250620_175549_769032_metadata.json
scratch/Ball_counting_CNN/ball_data_collection/1_balls/metadata/20250620_180106_800897_metadata.json,20250620_180106_800897,1,2,2025-06-20T18:01:18.818775,1_balls,1_balls/metadata/20250620_180106_800897_metadata.json
scratch/Ball_counting_CNN/ball_data_collection/1_balls/metadata/20250620_184517_752994_metadata.json,20250620_184517_752994,1,2,2025-06-20T18:45:29.986609,1_balls,1_balls/metadata/20250620_184517_752994_metadata.json
scratch/Ball_counting_CNN/ball_data_collection/1_balls/metadata/20250620_185728_759981_metadata.json,20250620_185728_759981,1,2,2025-06-20T18:57:38.570547,1_balls,1_balls/metadata/20250620_185728_759981_metadata.json
scratch/Ball_counting_CNN/ball_data_collection/1_balls/metadata/20250620_190950_824363_metadata.json,20250620_190950_824363,1,2,2025-06-20T19:10:00.590249,1_balls,1_balls/metadata/20250620_190950_824363_metadata.json
scratch/Ball_counting_CNN/ball_data_collection/1_balls/metadata/20250621_171823_237828_metadata.json,20250621_171823_237828,1,2,2025-06-21T17:18:42.774567,1_balls,1_balls/metadata/20250621_171823_237828_metadata.json
scratch/Ball_counting_CNN/ball_data_collection/1_balls/metadata/20250621_172555_108283_metadata.json,20250621_172555_108283,1,2,2025-06-21T17:26:06.116470,1_balls,1_balls/metadata/20250621_172555_108283_metadata.json
scratch/Ball_counting_CNN/ball_data_collection/1_balls/metadata/20250620_184249_527719_metadata.json,20250620_184249_527719,1,2,2025-06-20T18:43:13.580752,1_balls,1_balls/metadata/20250620_184249_527719_metadata.json
scratch/Ball_counting_CNN/ball_data_collection/1_balls/metadata/20250621_174712_356606_metadata.json,20250621_174712_356606,1,2,2025-06-21T17:47:16.147168,1_balls,1_balls/metadata/20250621_174712_356606_metadata.json
scratch/Ball_counting_CNN/ball_data_collection/1_balls/metadata/20250620_182722_480836_metadata.json,20250620_182722_480836,1,2,2025-06-20T18:27:45.395056,1_balls,1_balls/metadata/20250620_182722_480836_metadata.json
scratch/Ball_counting_CNN/ball_data_collection/1_balls/metadata/20250621_164751_228837_metadata.json,20250621_164751_228837,1,2,2025-06-21T16:48:01.177605,1_balls,1_balls/metadata/20250621_164751_228837_metadata.json
scratch/Ball_counting_CNN/ball_data_collection/1_balls/metadata/20250620_192247_536627_metadata.json,20250620_192247_536627,1,2,2025-06-20T19:22:55.001112,1_balls,1_balls/metadata/20250620_192247_536627_metadata.json
scratch/Ball_counting_CNN/ball_data_collection/1_balls/metadata/20250620_175635_785430_metadata.json,20250620_175635_785430,1,2,2025-06-20T17:56:48.022887,1_balls,1_balls/metadata/20250620_175635_785430_metadata.json
scratch/Ball_counting_CNN/ball_data_collection/1_balls/metadata/20250621_174243_276458_metadata.json,20250621_174243_276458,1,2,2025-06-21T17:42:50.644071,1_balls,1_balls/metadata/20250621_174243_276458_metadata.json
scratch/Ball_counting_CNN/ball_data_collection/1_balls/metadata/20250621_174735_220926_metadata.json,20250621_174735_220926,1,2,2025-06-21T17:47:41.425142,1_balls,1_balls/metadata/20250621_174735_220926_metadata.json
scratch/Ball_counting_CNN/ball_data_collection/1_balls/metadata/20250620_192355_987803_metadata.json,20250620_192355_987803,1,2,2025-06-20T19:24:02.095007,1_balls,1_balls/metadata/20250620_192355_987803_metadata.json
scratch/Ball_counting_CNN/ball_data_collection/1_balls/metadata/20250621_172211_820857_metadata.json,20250621_172211_820857,1,2,2025-06-21T17:22:20.676449,1_balls,1_balls/metadata/20250621_172211_820857_metadata.json
scratch/Ball_counting_CNN/ball_data_collection/1_balls/metadata/20250620_185157_608339_metadata.json,20250620_185157_608339,1,2,2025-06-20T18:52:11.761751,1_balls,1_balls/metadata/20250620_185157_608339_metadata.json
scratch/Ball_counting_CNN/ball_data_collection/1_balls/metadata/20250621_172252_252846_metadata.json,20250621_172252_252846,1,2,2025-06-21T17:23:16.435461,1_balls,1_balls/metadata/20250621_172252_252846_metadata.json
scratch/Ball_counting_CNN/ball_data_collection/1_balls/metadata/20250620_191050_071717_metadata.json,20250620_191050_071717,1,2,2025-06-20T19:11:05.867227,1_balls,1_balls/metadata/20250620_191050_071717_metadata.json
scratch/Ball_counting_CNN/ball_data_collection/1_balls/metadata/20250621_163135_980132_metadata.json,20250621_163135_980132,1,2,2025-06-21T16:31:51.702570,1_balls,1_balls/metadata/20250621_163135_980132_metadata.json
scratch/Ball_counting_CNN/ball_data_collection/1_balls/metadata/20250620_185135_496379_metadata.json,20250620_185135_496379,1,2,2025-06-20T18:51:51.583690,1_balls,1_balls/metadata/20250620_185135_496379_metadata.json
scratch/Ball_counting_CNN/ball_data_collection/1_balls/metadata/20250621_170828_373468_metadata.json,20250621_170828_373468,1,2,2025-06-21T17:08:45.364804,1_balls,1_balls/metadata/20250621_170828_373468_metadata.json
scratch/Ball_counting_CNN/ball_data_collection/1_balls/metadata/20250620_190313_943829_metadata.json,20250620_190313_943829,1,2,2025-06-20T19:03:21.370364,1_balls,1_balls/metadata/20250620_190313_943829_metadata.json
scratch/Ball_counting_CNN/ball_data_collection/1_balls/metadata/20250621_174232_228392_metadata.json,20250621_174232_228392,1,2,2025-06-21T17:42:39.708105,1_balls,1_balls/metadata/20250621_174232_228392_metadata.json
scratch/Ball_counting_CNN/ball_data_collection/1_balls/metadata/20250620_182858_401447_metadata.json,20250620_182858_401447,1,2,2025-06-20T18:29:21.322027,1_balls,1_balls/metadata/20250620_182858_401447_metadata.json
scratch/Ball_counting_CNN/ball_data_collection/1_balls/metadata/20250620_183815_752720_metadata.json,20250620_183815_752720,1,2,2025-06-20T18:38:30.361829,1_balls,1_balls/metadata/20250620_183815_752720_metadata.json
scratch/Ball_counting_CNN/ball_data_collection/1_balls/metadata/20250621_174844_532251_metadata.json,20250621_174844_532251,1,2,2025-06-21T17:48:48.429087,1_balls,1_balls/metadata/20250621_174844_532251_metadata.json
scratch/Ball_counting_CNN/ball_data_collection/1_balls/metadata/20250621_170518_845513_metadata.json,20250621_170518_845513,1,2,2025-06-21T17:05:26.230610,1_balls,1_balls/metadata/20250621_170518_845513_metadata.json
scratch/Ball_counting_CNN/ball_data_collection/1_balls/metadata/20250620_183014_103916_metadata.json,20250620_183014_103916,1,2,2025-06-20T18:30:27.558041,1_balls,1_balls/metadata/20250620_183014_103916_metadata.json
scratch/Ball_counting_CNN/ball_data_collection/1_balls/metadata/20250620_183401_880522_metadata.json,20250620_183401_880522,1,2,2025-06-20T18:34:14.077844,1_balls,1_balls/metadata/20250620_183401_880522_metadata.json
scratch/Ball_counting_CNN/ball_data_collection/1_balls/metadata/20250620_182930_312623_metadata.json,20250620_182930_312623,1,2,2025-06-20T18:29:47.521968,1_balls,1_balls/metadata/20250620_182930_312623_metadata.json
scratch/Ball_counting_CNN/ball_data_collection/1_balls/metadata/20250620_190808_304346_metadata.json,20250620_190808_304346,1,2,2025-06-20T19:08:39.659427,1_balls,1_balls/metadata/20250620_190808_304346_metadata.json
scratch/Ball_counting_CNN/ball_data_collection/1_balls/metadata/20250621_170724_804647_metadata.json,20250621_170724_804647,1,2,2025-06-21T17:07:37.197817,1_balls,1_balls/metadata/20250621_170724_804647_metadata.json
scratch/Ball_counting_CNN/ball_data_collection/1_balls/metadata/20250621_175212_036969_metadata.json,20250621_175212_036969,1,2,2025-06-21T17:52:22.091037,1_balls,1_balls/metadata/20250621_175212_036969_metadata.json
scratch/Ball_counting_CNN/ball_data_collection/1_balls/metadata/20250620_183143_776027_metadata.json,20250620_183143_776027,1,2,2025-06-20T18:32:03.136005,1_balls,1_balls/metadata/20250620_183143_776027_metadata.json
scratch/Ball_counting_CNN/ball_data_collection/1_balls/metadata/20250620_183243_695797_metadata.json,20250620_183243_695797,1,2,2025-06-20T18:32:48.757907,1_balls,1_balls/metadata/20250620_183243_695797_metadata.json
scratch/Ball_counting_CNN/ball_data_collection/1_balls/metadata/20250621_170023_068651_metadata.json,20250621_170023_068651,1,2,2025-06-21T17:00:43.714568,1_balls,1_balls/metadata/20250621_170023_068651_metadata.json
scratch/Ball_counting_CNN/ball_data_collection/1_balls/metadata/20250620_192434_816134_metadata.json,20250620_192434_816134,1,2,2025-06-20T19:24:36.470147,1_balls,1_balls/metadata/20250620_192434_816134_metadata.json
scratch/Ball_counting_CNN/ball_data_collection/1_balls/metadata/20250621_162817_548085_metadata.json,20250621_162817_548085,1,2,2025-06-21T16:28:41.794437,1_balls,1_balls/metadata/20250621_162817_548085_metadata.json
scratch/Ball_counting_CNN/ball_data_collection/1_balls/metadata/20250621_174602_900137_metadata.json,20250621_174602_900137,1,2,2025-06-21T17:46:15.296485,1_balls,1_balls/metadata/20250621_174602_900137_metadata.json
scratch/Ball_counting_CNN/ball_data_collection/1_balls/metadata/20250621_165309_261416_metadata.json,20250621_165309_261416,1,2,2025-06-21T16:53:28.858694,1_balls,1_balls/metadata/20250621_165309_261416_metadata.json
scratch/Ball_counting_CNN/ball_data_collection/1_balls/metadata/20250620_175738_465047_metadata.json,20250620_175738_465047,1,2,2025-06-20T17:57:55.512894,1_balls,1_balls/metadata/20250620_175738_465047_metadata.json
scratch/Ball_counting_CNN/ball_data_collection/1_balls/metadata/20250621_174749_732834_metadata.json,20250621_174749_732834,1,2,2025-06-21T17:48:00.607051,1_balls,1_balls/metadata/20250621_174749_732834_metadata.json
scratch/Ball_counting_CNN/ball_data_collection/1_balls/metadata/20250620_183302_871962_metadata.json,20250620_183302_871962,1,2,2025-06-20T18:33:09.146911,1_balls,1_balls/metadata/20250620_183302_871962_metadata.json
scratch/Ball_counting_CNN/ball_data_collection/1_balls/metadata/20250620_191555_671474_metadata.json,20250620_191555_671474,1,2,2025-06-20T19:16:01.899115,1_balls,1_balls/metadata/20250620_191555_671474_metadata.json
scratch/Ball_counting_CNN/ball_data_collection/1_balls/metadata/20250620_184404_624084_metadata.json,20250620_184404_624084,1,2,2025-06-20T18:44:09.677666,1_balls,1_balls/metadata/20250620_184404_624084_metadata.json
scratch/Ball_counting_CNN/ball_data_collection/1_balls/metadata/20250620_192415_552152_metadata.json,20250620_192415_552152,1,2,2025-06-20T19:24:22.938155,1_balls,1_balls/metadata/20250620_192415_552152_metadata.json
scratch/Ball_counting_CNN/ball_data_collection/1_balls/metadata/20250620_192549_176577_metadata.json,20250620_192549_176577,1,2,2025-06-20T19:25:55.450933,1_balls,1_balls/metadata/20250620_192549_176577_metadata.json
scratch/Ball_counting_CNN/ball_data_collection/1_balls/metadata/20250621_165449_701302_metadata.json,20250621_165449_701302,1,2,2025-06-21T16:54:59.701569,1_balls,1_balls/metadata/20250621_165449_701302_metadata.json
scratch/Ball_counting_CNN/ball_data_collection/1_balls/metadata/20250620_184814_936468_metadata.json,20250620_184814_936468,1,2,2025-06-20T18:48:18.757547,1_balls,1_balls/metadata/20250620_184814_936468_metadata.json
scratch/Ball_counting_CNN/ball_data_collection/1_balls/metadata/20250621_171845_260873_metadata.json,20250621_171845_260873,1,2,2025-06-21T17:19:04.826516,1_balls,1_balls/metadata/20250621_171845_260873_metadata.json
scratch/Ball_counting_CNN/ball_data_collection/1_balls/metadata/20250621_172611_949423_metadata.json,20250621_172611_949423,1,2,2025-06-21T17:26:19.283430,1_balls,1_balls/metadata/20250621_172611_949423_metadata.json
scratch/Ball_counting_CNN/ball_data_collection/1_balls/metadata/20250621_175025_060927_metadata.json,20250621_175025_060927,1,2,2025-06-21T17:50:48.223961,1_balls,1_balls/metadata/20250621_175025_060927_metadata.json
scratch/Ball_counting_CNN/ball_data_collection/1_balls/metadata/20250621_175009_860753_metadata.json,20250621_175009_860753,1,2,2025-06-21T17:50:14.758065,1_balls,1_balls/metadata/20250621_175009_860753_metadata.json
scratch/Ball_counting_CNN/ball_data_collection/1_balls/metadata/20250621_174135_613045_metadata.json,20250621_174135_613045,1,2,2025-06-21T17:41:45.564245,1_balls,1_balls/metadata/20250621_174135_613045_metadata.json
scratch/Ball_counting_CNN/ball_data_collection/1_balls/metadata/20250620_184640_089053_metadata.json,20250620_184640_089053,1,2,2025-06-20T18:46:47.595699,1_balls,1_balls/metadata/20250620_184640_089053_metadata.json
scratch/Ball_counting_CNN/ball_data_collection/1_balls/metadata/20250621_165545_044913_metadata.json,20250621_165545_044913,1,2,2025-06-21T16:55:48.892529,1_balls,1_balls/metadata/20250621_165545_044913_metadata.json
scratch/Ball_counting_CNN/ball_data_collection/1_balls/metadata/20250621_172903_187924_metadata.json,20250621_172903_187924,1,2,2025-06-21T17:29:09.641446,1_balls,1_balls/metadata/20250621_172903_187924_metadata.json
scratch/Ball_counting_CNN/ball_data_collection/1_balls/metadata/20250620_185349_888849_metadata.json,20250620_185349_888849,1,2,2025-06-20T18:54:01.596616,1_balls,1_balls/metadata/20250620_185349_888849_metadata.json
scratch/Ball_counting_CNN/ball_data_collection/1_balls/metadata/20250620_190238_352907_metadata.json,20250620_190238_352907,1,2,2025-06-20T19:02:47.929433,1_balls,1_balls/metadata/20250620_190238_352907_metadata.json
scratch/Ball_counting_CNN/ball_data_collection/1_balls/metadata/20250620_185846_679979_metadata.json,20250620_185846_679979,1,2,2025-06-20T18:59:04.982486,1_balls,1_balls/metadata/20250620_185846_679979_metadata.json
scratch/Ball_counting_CNN/ball_data_collection/1_balls/metadata/20250620_190304_840037_metadata.json,20250620_190304_840037,1,2,2025-06-20T19:03:08.853410,1_balls,1_balls/metadata/20250620_190304_840037_metadata.json
scratch/Ball_counting_CNN/ball_data_collection/1_balls/metadata/20250620_184944_200708_metadata.json,20250620_184944_200708,1,2,2025-06-20T18:50:00.157592,1_balls,1_balls/metadata/20250620_184944_200708_metadata.json
scratch/Ball_counting_CNN/ball_data_collection/1_balls/metadata/20250620_192114_160305_metadata.json,20250620_192114_160305,1,2,2025-06-20T19:21:20.368138,1_balls,1_balls/metadata/20250620_192114_160305_metadata.json
scratch/Ball_counting_CNN/ball_data_collection/1_balls/metadata/20250621_170146_796782_metadata.json,20250621_170146_796782,1,2,2025-06-21T17:01:51.962635,1_balls,1_balls/metadata/20250621_170146_796782_metadata.json
scratch/Ball_counting_CNN/ball_data_collection/1_balls/metadata/20250621_170812_133080_metadata.json,20250621_170812_133080,1,2,2025-06-21T17:08:19.723719,1_balls,1_balls/metadata/20250621_170812_133080_metadata.json
scratch/Ball_counting_CNN/ball_data_collection/1_balls/metadata/20250620_190411_175505_metadata.json,20250620_190411_175505,1,2,2025-06-20T19:04:19.874298,1_balls,1_balls/metadata/20250620_190411_175505_metadata.json
scratch/Ball_counting_CNN/ball_data_collection/1_balls/metadata/20250621_171332_469624_metadata.json,20250621_171332_469624,1,2,2025-06-21T17:13:37.664564,1_balls,1_balls/metadata/20250621_171332_469624_metadata.json
scratch/Ball_counting_CNN/ball_data_collection/1_balls/metadata/20250621_172952_964573_metadata.json,20250621_172952_964573,1,2,2025-06-21T17:29:58.168479,1_balls,1_balls/metadata/20250621_172952_964573_metadata.json
scratch/Ball_counting_CNN/ball_data_collection/1_balls/metadata/20250620_191858_871823_metadata.json,20250620_191858_871823,1,2,2025-06-20T19:19:10.156315,1_balls,1_balls/metadata/20250620_191858_871823_metadata.json
scratch/Ball_counting_CNN/ball_data_collection/1_balls/metadata/20250620_175652_633621_metadata.json,20250620_175652_633621,1,2,2025-06-20T17:56:58.913916,1_balls,1_balls/metadata/20250620_175652_633621_metadata.json
scratch/Ball_counting_CNN/ball_data_collection/1_balls/metadata/20250620_183636_080508_metadata.json,20250620_183636_080508,1,2,2025-06-20T18:36:55.462806,1_balls,1_balls/metadata/20250620_183636_080508_metadata.json
scratch/Ball_counting_CNN/ball_data_collection/1_balls/metadata/20250620_183753_776417_metadata.json,20250620_183753_776417,1,2,2025-06-20T18:38:10.884724,1_balls,1_balls/metadata/20250620_183753_776417_metadata.json
scratch/Ball_counting_CNN/ball_data_collection/1_balls/metadata/20250621_173141_627989_metadata.json,20250621_173141_627989,1,2,2025-06-21T17:31:51.821295,1_balls,1_balls/metadata/20250621_173141_627989_metadata.json
scratch/Ball_counting_CNN/ball_data_collection/1_balls/metadata/20250621_172320_173081_metadata.json,20250621_172320_173081,1,2,2025-06-21T17:23:43.252505,1_balls,1_balls/metadata/20250621_172320_173081_metadata.json
scratch/Ball_counting_CNN/ball_data_collection/1_balls/metadata/20250620_182956_328426_metadata.json,20250620_182956_328426,1,2,2025-06-20T18:30:03.673951,1_balls,1_balls/metadata/20250620_182956_328426_metadata.json
scratch/Ball_counting_CNN/ball_data_collection/1_balls/metadata/20250620_190634_431763_metadata.json,20250620_190634_431763,1,2,2025-06-20T19:06:38.266349,1_balls,1_balls/metadata/20250620_190634_431763_metadata.json
scratch/Ball_counting_CNN/ball_data_collection/1_balls/metadata/20250620_175941_881218_metadata.json,20250620_175941_881218,1,2,2025-06-20T17:59:59.993806,1_balls,1_balls/metadata/20250620_175941_881218_metadata.json
scratch/Ball_counting_CNN/ball_data_collection/1_balls/metadata/20250621_171909_005508_metadata.json,20250621_171909_005508,1,2,2025-06-21T17:19:29.904556,1_balls,1_balls/metadata/20250621_171909_005508_metadata.json
scratch/Ball_counting_CNN/ball_data_collection/1_balls/metadata/20250621_171201_245469_metadata.json,20250621_171201_245469,1,2,2025-06-21T17:12:08.546695,1_balls,1_balls/metadata/20250621_171201_245469_metadata.json
scratch/Ball_counting_CNN/ball_data_collection/1_balls/metadata/20250621_173026_660725_metadata.json,20250621_173026_660725,1,2,2025-06-21T17:30:37.655306,1_balls,1_balls/metadata/20250621_173026_660725_metadata.json
scratch/Ball_counting_CNN/ball_data_collection/1_balls/metadata/20250620_185408_951913_metadata.json,20250620_185408_951913,1,2,2025-06-20T18:54:21.159549,1_balls,1_balls/metadata/20250620_185408_951913_metadata.json
scratch/Ball_counting_CNN/ball_data_collection/1_balls/metadata/20250620_185528_720219_metadata.json,20250620_185528_720219,1,2,2025-06-20T18:55:49.632593,1_balls,1_balls/metadata/20250620_185528_720219_metadata.json
scratch/Ball_counting_CNN/ball_data_collection/1_balls/metadata/20250621_170857_853588_metadata.json,20250621_170857_853588,1,2,2025-06-21T17:09:25.011762,1_balls,1_balls/metadata/20250621_170857_853588_metadata.json
scratch/Ball_counting_CNN/ball_data_collection/1_balls/metadata/20250620_191404_816038_metadata.json,20250620_191404_816038,1,2,2025-06-20T19:14:13.524257,1_balls,1_balls/metadata/20250620_191404_816038_metadata.json
scratch/Ball_counting_CNN/ball_data_collection/1_balls/metadata/20250620_185459_024409_metadata.json,20250620_185459_024409,1,2,2025-06-20T18:55:19.841544,1_balls,1_balls/metadata/20250620_185459_024409_metadata.json
scratch/Ball_counting_CNN/ball_data_collection/1_balls/metadata/20250620_180045_097810_metadata.json,20250620_180045_097810,1,2,2025-06-20T18:00:56.254810,1_balls,1_balls/metadata/20250620_180045_097810_metadata.json
scratch/Ball_counting_CNN/ball_data_collection/1_balls/metadata/20250621_175322_524831_metadata.json,20250621_175322_524831,1,2,2025-06-21T17:53:46.810019,1_balls,1_balls/metadata/20250621_175322_524831_metadata.json
scratch/Ball_counting_CNN/ball_data_collection/1_balls/metadata/20250620_184907_456187_metadata.json,20250620_184907_456187,1,2,2025-06-20T18:49:21.036584,1_balls,1_balls/metadata/20250620_184907_456187_metadata.json
scratch/Ball_counting_CNN/ball_data_collection/1_balls/metadata/20250621_174504_011972_metadata.json,20250621_174504_011972,1,2,2025-06-21T17:45:12.680048,1_balls,1_balls/metadata/20250621_174504_011972_metadata.json
scratch/Ball_counting_CNN/ball_data_collection/1_balls/metadata/20250620_182441_793242_metadata.json,20250620_182441_793242,1,2,2025-06-20T18:24:55.457093,1_balls,1_balls/metadata/20250620_182441_793242_metadata.json
scratch/Ball_counting_CNN/ball_data_collection/1_balls/metadata/20250621_170803_326059_metadata.json,20250621_170803_326059,1,2,2025-06-21T17:08:08.395772,1_balls,1_balls/metadata/20250621_170803_326059_metadata.json
scratch/Ball_counting_CNN/ball_data_collection/1_balls/metadata/20250620_191536_471228_metadata.json,20250620_191536_471228,1,2,2025-06-20T19:15:38.075211,1_balls,1_balls/metadata/20250620_191536_471228_metadata.json
scratch/Ball_counting_CNN/ball_data_collection/1_balls/metadata/20250621_170113_988660_metadata.json,20250621_170113_988660,1,2,2025-06-21T17:01:28.754626,1_balls,1_balls/metadata/20250621_170113_988660_metadata.json
scratch/Ball_counting_CNN/ball_data_collection/1_balls/metadata/20250621_163320_796800_metadata.json,20250621_163320_796800,1,2,2025-06-21T16:33:41.227520,1_balls,1_balls/metadata/20250621_163320_796800_metadata.json
scratch/Ball_counting_CNN/ball_data_collection/1_balls/metadata/20250620_190101_927934_metadata.json,20250620_190101_927934,1,2,2025-06-20T19:01:07.115387,1_balls,1_balls/metadata/20250620_190101_927934_metadata.json
scratch/Ball_counting_CNN/ball_data_collection/1_balls/metadata/20250621_173116_019887_metadata.json,20250621_173116_019887,1,2,2025-06-21T17:31:22.256446,1_balls,1_balls/metadata/20250621_173116_019887_metadata.json
scratch/Ball_counting_CNN/ball_data_collection/1_balls/metadata/20250621_174255_012039_metadata.json,20250621_174255_012039,1,2,2025-06-21T17:43:03.691153,1_balls,1_balls/metadata/20250621_174255_012039_metadata.json
scratch/Ball_counting_CNN/ball_data_collection/1_balls/metadata/20250620_182536_704989_metadata.json,20250620_182536_704989,1,2,2025-06-20T18:25:47.499086,1_balls,1_balls/metadata/20250620_182536_704989_metadata.json
scratch/Ball_counting_CNN/ball_data_collection/1_balls/metadata/20250621_171041_498805_metadata.json,20250621_171041_498805,1,2,2025-06-21T17:10:59.838694,1_balls,1_balls/metadata/20250621_171041_498805_metadata.json
scratch/Ball_counting_CNN/ball_data_collection/1_balls/metadata/20250621_164637_580624_metadata.json,20250621_164637_580624,1,2,2025-06-21T16:46:45.069613,1_balls,1_balls/metadata/20250621_164637_580624_metadata.json
scratch/Ball_counting_CNN/ball_data_collection/1_balls/metadata/20250621_174641_780732_metadata.json,20250621_174641_780732,1,2,2025-06-21T17:46:49.273040,1_balls,1_balls/metadata/20250621_174641_780732_metadata.json
scratch/Ball_counting_CNN/ball_data_collection/1_balls/metadata/20250621_170607_772815_metadata.json,20250621_170607_772815,1,2,2025-06-21T17:06:27.253741,1_balls,1_balls/metadata/20250621_170607_772815_metadata.json
scratch/Ball_counting_CNN/ball_data_collection/1_balls/metadata/20250621_164529_468701_metadata.json,20250621_164529_468701,1,2,2025-06-21T16:45:39.056699,1_balls,1_balls/metadata/20250621_164529_468701_metadata.json
scratch/Ball_counting_CNN/ball_data_collection/1_balls/metadata/20250620_183431_552690_metadata.json,20250620_183431_552690,1,2,2025-06-20T18:34:43.704801,1_balls,1_balls/metadata/20250620_183431_552690_metadata.json
scratch/Ball_counting_CNN/ball_data_collection/1_balls/metadata/20250620_190035_336138_metadata.json,20250620_190035_336138,1,2,2025-06-20T19:00:45.272507,1_balls,1_balls/metadata/20250620_190035_336138_metadata.json
scratch/Ball_counting_CNN/ball_data_collection/1_balls/metadata/20250620_184427_314822_metadata.json,20250620_184427_314822,1,2,2025-06-20T18:44:36.018774,1_balls,1_balls/metadata/20250620_184427_314822_metadata.json
scratch/Ball_counting_CNN/ball_data_collection/1_balls/metadata/20250621_174430_189132_metadata.json,20250621_174430_189132,1,2,2025-06-21T17:44:45.050064,1_balls,1_balls/metadata/20250621_174430_189132_metadata.json
scratch/Ball_counting_CNN/ball_data_collection/1_balls/metadata/20250620_184449_657399_metadata.json,20250620_184449_657399,1,2,2025-06-20T18:45:02.082635,1_balls,1_balls/metadata/20250620_184449_657399_metadata.json
scratch/Ball_counting_CNN/ball_data_collection/1_balls/metadata/20250621_165830_821430_metadata.json,20250621_165830_821430,1,2,2025-06-21T16:58:42.010566,1_balls,1_balls/metadata/20250621_165830_821430_metadata.json
scratch/Ball_counting_CNN/ball_data_collection/1_balls/metadata/20250620_184221_424259_metadata.json,20250620_184221_424259,1,2,2025-06-20T18:42:44.414714,1_balls,1_balls/metadata/20250620_184221_424259_metadata.json
scratch/Ball_counting_CNN/ball_data_collection/1_balls/metadata/20250620_192335_903739_metadata.json,20250620_192335_903739,1,2,2025-06-20T19:23:45.837027,1_balls,1_balls/metadata/20250620_192335_903739_metadata.json
scratch/Ball_counting_CNN/ball_data_collection/1_balls/metadata/20250620_190008_103827_metadata.json,20250620_190008_103827,1,2,2025-06-20T19:00:28.810433,1_balls,1_balls/metadata/20250620_190008_103827_metadata.json
scratch/Ball_counting_CNN/ball_data_collection/1_balls/metadata/20250621_171759_941074_metadata.json,20250621_171759_941074,1,2,2025-06-21T17:18:18.188609,1_balls,1_balls/metadata/20250621_171759_941074_metadata.json
scratch/Ball_counting_CNN/ball_data_collection/1_balls/metadata/20250621_170510_173084_metadata.json,20250621_170510_173084,1,2,2025-06-21T17:05:15.041671,1_balls,1_balls/metadata/20250621_170510_173084_metadata.json
scratch/Ball_counting_CNN/ball_data_collection/1_balls/metadata/20250620_183110_048658_metadata.json,20250620_183110_048658,1,2,2025-06-20T18:31:23.506990,1_balls,1_balls/metadata/20250620_183110_048658_metadata.json
scratch/Ball_counting_CNN/ball_data_collection/1_balls/metadata/20250621_165918_236665_metadata.json,20250621_165918_236665,1,2,2025-06-21T16:59:47.151624,1_balls,1_balls/metadata/20250621_165918_236665_metadata.json
scratch/Ball_counting_CNN/ball_data_collection/1_balls/metadata/20250620_185036_968312_metadata.json,20250620_185036_968312,1,2,2025-06-20T18:50:45.667678,1_balls,1_balls/metadata/20250620_185036_968312_metadata.json
scratch/Ball_counting_CNN/ball_data_collection/1_balls/metadata/20250621_163252_973718_metadata.json,20250621_163252_973718,1,2,2025-06-21T16:33:14.730626,1_balls,1_balls/metadata/20250621_163252_973718_metadata.json
scratch/Ball_counting_CNN/ball_data_collection/1_balls/metadata/20250620_180902_305839_metadata.json,20250620_180902_305839,1,2,2025-06-20T18:09:14.583672,1_balls,1_balls/metadata/20250620_180902_305839_metadata.json
scratch/Ball_counting_CNN/ball_data_collection/1_balls/metadata/20250621_165239_891746_metadata.json,20250621_165239_891746,1,2,2025-06-21T16:53:02.815588,1_balls,1_balls/metadata/20250621_165239_891746_metadata.json
scratch/Ball_counting_CNN/ball_data_collection/1_balls/metadata/20250621_175144_021018_metadata.json,20250621_175144_021018,1,2,2025-06-21T17:51:54.098034,1_balls,1_balls/metadata/20250621_175144_021018_metadata.json
scratch/Ball_counting_CNN/ball_data_collection/1_balls/metadata/20250621_172230_293069_metadata.json,20250621_172230_293069,1,2,2025-06-21T17:22:48.531441,1_balls,1_balls/metadata/20250621_172230_293069_metadata.json
scratch/Ball_counting_CNN/ball_data_collection/1_balls/metadata/20250620_191131_744229_metadata.json,20250620_191131_744229,1,2,2025-06-20T19:12:01.897235,1_balls,1_balls/metadata/20250620_191131_744229_metadata.json
scratch/Ball_counting_CNN/ball_data_collection/1_balls/metadata/20250621_174632_628914_metadata.json,20250621_174632_628914,1,2,2025-06-21T17:46:39.001010,1_balls,1_balls/metadata/20250621_174632_628914_metadata.json
scratch/Ball_counting_CNN/ball_data_collection/1_balls/metadata/20250620_191434_447460_metadata.json,20250620_191434_447460,1,2,2025-06-20T19:14:38.316193,1_balls,1_balls/metadata/20250620_191434_447460_metadata.json
scratch/Ball_counting_CNN/ball_data_collection/1_balls/metadata/20250621_165400_757203_metadata.json,20250621_165400_757203,1,2,2025-06-21T16:54:14.232576,1_balls,1_balls/metadata/20250621_165400_757203_metadata.json
scratch/Ball_counting_CNN/ball_data_collection/1_balls/metadata/20250621_171705_973233_metadata.json,20250621_171705_973233,1,2,2025-06-21T17:17:22.990565,1_balls,1_balls/metadata/20250621_171705_973233_metadata.json
scratch/Ball_counting_CNN/ball_data_collection/1_balls/metadata/20250620_184924_679775_metadata.json,20250620_184924_679775,1,2,2025-06-20T18:49:40.511530,1_balls,1_balls/metadata/20250620_184924_679775_metadata.json
scratch/Ball_counting_CNN/ball_data_collection/1_balls/metadata/20250621_170454_156737_metadata.json,20250621_170454_156737,1,2,2025-06-21T17:04:57.041498,1_balls,1_balls/metadata/20250621_170454_156737_metadata.json
scratch/Ball_counting_CNN/ball_data_collection/1_balls/metadata/20250621_170222_852138_metadata.json,20250621_170222_852138,1,2,2025-06-21T17:02:28.921637,1_balls,1_balls/metadata/20250621_170222_852138_metadata.json
scratch/Ball_counting_CNN/ball_data_collection/1_balls/metadata/20250621_172926_596778_metadata.json,20250621_172926_596778,1,2,2025-06-21T17:29:29.251326,1_balls,1_balls/metadata/20250621_172926_596778_metadata.json
scratch/Ball_counting_CNN/ball_data_collection/1_balls/metadata/20250621_174959_212788_metadata.json,20250621_174959_212788,1,2,2025-06-21T17:50:06.648980,1_balls,1_balls/metadata/20250621_174959_212788_metadata.json
scratch/Ball_counting_CNN/ball_data_collection/1_balls/metadata/20250620_192143_256495_metadata.json,20250620_192143_256495,1,2,2025-06-20T19:21:50.499153,1_balls,1_balls/metadata/20250620_192143_256495_metadata.json
scratch/Ball_counting_CNN/ball_data_collection/1_balls/metadata/20250621_173001_181411_metadata.json,20250621_173001_181411,1,2,2025-06-21T17:30:15.792554,1_balls,1_balls/metadata/20250621_173001_181411_metadata.json
scratch/Ball_counting_CNN/ball_data_collection/1_balls/metadata/20250620_190219_104012_metadata.json,20250620_190219_104012,1,2,2025-06-20T19:02:26.555521,1_balls,1_balls/metadata/20250620_190219_104012_metadata.json
scratch/Ball_counting_CNN/ball_data_collection/1_balls/metadata/20250620_182753_152248_metadata.json,20250620_182753_152248,1,2,2025-06-20T18:28:07.865062,1_balls,1_balls/metadata/20250620_182753_152248_metadata.json
scratch/Ball_counting_CNN/ball_data_collection/1_balls/metadata/20250621_170414_748335_metadata.json,20250621_170414_748335,1,2,2025-06-21T17:04:33.001695,1_balls,1_balls/metadata/20250621_170414_748335_metadata.json
scratch/Ball_counting_CNN/ball_data_collection/1_balls/metadata/20250620_184615_024097_metadata.json,20250620_184615_024097,1,2,2025-06-20T18:46:32.054605,1_balls,1_balls/metadata/20250620_184615_024097_metadata.json
scratch/Ball_counting_CNN/ball_data_collection/1_balls/metadata/20250621_174932_732885_metadata.json,20250621_174932_732885,1,2,2025-06-21T17:49:41.428007,1_balls,1_balls/metadata/20250621_174932_732885_metadata.json
scratch/Ball_counting_CNN/ball_data_collection/1_balls/metadata/20250620_183345_528517_metadata.json,20250620_183345_528517,1,2,2025-06-20T18:33:57.743933,1_balls,1_balls/metadata/20250620_183345_528517_metadata.json
scratch/Ball_counting_CNN/ball_data_collection/1_balls/metadata/20250621_164506_668779_metadata.json,20250621_164506_668779,1,2,2025-06-21T16:45:15.289550,1_balls,1_balls/metadata/20250621_164506_668779_metadata.json
scratch/Ball_counting_CNN/ball_data_collection/1_balls/metadata/20250621_173220_445823_metadata.json,20250621_173220_445823,1,2,2025-06-21T17:32:33.381253,1_balls,1_balls/metadata/20250621_173220_445823_metadata.json
scratch/Ball_counting_CNN/ball_data_collection/1_balls/metadata/20250621_174829_372597_metadata.json,20250621_174829_372597,1,2,2025-06-21T17:48:34.385102,1_balls,1_balls/metadata/20250621_174829_372597_metadata.json
scratch/Ball_counting_CNN/ball_data_collection/1_balls/metadata/20250620_180300_785958_metadata.json,20250620_180300_785958,1,2,2025-06-20T18:03:33.692676,1_balls,1_balls/metadata/20250620_180300_785958_metadata.json
scratch/Ball_counting_CNN/ball_data_collection/1_balls/metadata/20250621_162847_060239_metadata.json,20250621_162847_060239,1,2,2025-06-21T16:29:07.702544,1_balls,1_balls/metadata/20250621_162847_060239_metadata.json
scratch/Ball_counting_CNN/ball_data_collection/1_balls/metadata/20250621_165659_293485_metadata.json,20250621_165659_293485,1,2,2025-06-21T16:57:09.234628,1_balls,1_balls/metadata/20250621_165659_293485_metadata.json
scratch/Ball_counting_CNN/ball_data_collection/1_balls/metadata/20250620_192020_359594_metadata.json,20250620_192020_359594,1,2,2025-06-20T19:20:28.996182,1_balls,1_balls/metadata/20250620_192020_359594_metadata.json
scratch/Ball_counting_CNN/ball_data_collection/1_balls/metadata/20250620_183312_464036_metadata.json,20250620_183312_464036,1,2,2025-06-20T18:33:22.212872,1_balls,1_balls/metadata/20250620_183312_464036_metadata.json
scratch/Ball_counting_CNN/ball_data_collection/1_balls/metadata/20250621_165517_396835_metadata.json,20250621_165517_396835,1,2,2025-06-21T16:55:27.063616,1_balls,1_balls/metadata/20250621_165517_396835_metadata.json
scratch/Ball_counting_CNN/ball_data_collection/1_balls/metadata/20250620_175833_825309_metadata.json,20250620_175833_825309,1,2,2025-06-20T17:58:46.004834,1_balls,1_balls/metadata/20250620_175833_825309_metadata.json
scratch/Ball_counting_CNN/ball_data_collection/1_balls/metadata/20250621_170701_019463_metadata.json,20250621_170701_019463,1,2,2025-06-21T17:07:08.586749,1_balls,1_balls/metadata/20250621_170701_019463_metadata.json
scratch/Ball_counting_CNN/ball_data_collection/1_balls/metadata/20250621_162913_540549_metadata.json,20250621_162913_540549,1,2,2025-06-21T16:29:30.704416,1_balls,1_balls/metadata/20250621_162913_540549_metadata.json
scratch/Ball_counting_CNN/ball_data_collection/1_balls/metadata/20250621_170340_725275_metadata.json,20250621_170340_725275,1,2,2025-06-21T17:03:46.932557,1_balls,1_balls/metadata/20250621_170340_725275_metadata.json
scratch/Ball_counting_CNN/ball_data_collection/1_balls/metadata/20250620_182830_432638_metadata.json,20250620_182830_432638,1,2,2025-06-20T18:28:54.672988,1_balls,1_balls/metadata/20250620_182830_432638_metadata.json
scratch/Ball_counting_CNN/ball_data_collection/1_balls/metadata/20250621_165714_196806_metadata.json,20250621_165714_196806,1,2,2025-06-21T16:57:21.580617,1_balls,1_balls/metadata/20250621_165714_196806_metadata.json
scratch/Ball_counting_CNN/ball_data_collection/1_balls/metadata/20250620_180004_633336_metadata.json,20250620_180004_633336,1,2,2025-06-20T18:00:27.633836,1_balls,1_balls/metadata/20250620_180004_633336_metadata.json
scratch/Ball_counting_CNN/ball_data_collection/1_balls/metadata/20250620_185706_632931_metadata.json,20250620_185706_632931,1,2,2025-06-20T18:57:21.437606,1_balls,1_balls/metadata/20250620_185706_632931_metadata.json
scratch/Ball_counting_CNN/ball_data_collection/1_balls/metadata/20250621_171253_218440_metadata.json,20250621_171253_218440,1,2,2025-06-21T17:13:05.397654,1_balls,1_balls/metadata/20250621_171253_218440_metadata.json
scratch/Ball_counting_CNN/ball_data_collection/1_balls/metadata/20250621_165741_701651_metadata.json,20250621_165741_701651,1,2,2025-06-21T16:57:52.671709,1_balls,1_balls/metadata/20250621_165741_701651_metadata.json
scratch/Ball_counting_CNN/ball_data_collection/1_balls/metadata/20250621_170211_020916_metadata.json,20250621_170211_020916,1,2,2025-06-21T17:02:19.558505,1_balls,1_balls/metadata/20250621_170211_020916_metadata.json
scratch/Ball_counting_CNN/ball_data_collection/1_balls/metadata/20250621_165334_972718_metadata.json,20250621_165334_972718,1,2,2025-06-21T16:53:54.252612,1_balls,1_balls/metadata/20250621_165334_972718_metadata.json
scratch/Ball_counting_CNN/ball_data_collection/1_balls/metadata/20250620_190430_641332_metadata.json,20250620_190430_641332,1,2,2025-06-20T19:04:44.171375,1_balls,1_balls/metadata/20250620_190430_641332_metadata.json
scratch/Ball_counting_CNN/ball_data_collection/1_balls/metadata/20250620_185930_007676_metadata.json,20250620_185930_007676,1,2,2025-06-20T19:00:00.249594,1_balls,1_balls/metadata/20250620_185930_007676_metadata.json
scratch/Ball_counting_CNN/ball_data_collection/1_balls/metadata/20250621_164546_725189_metadata.json,20250621_164546_725189,1,2,2025-06-21T16:45:50.634606,1_balls,1_balls/metadata/20250621_164546_725189_metadata.json
scratch/Ball_counting_CNN/ball_data_collection/1_balls/metadata/20250621_165849_196983_metadata.json,20250621_165849_196983,1,2,2025-06-21T16:58:55.417504,1_balls,1_balls/metadata/20250621_165849_196983_metadata.json
scratch/Ball_counting_CNN/ball_data_collection/1_balls/metadata/20250621_171406_037521_metadata.json,20250621_171406_037521,1,2,2025-06-21T17:14:24.454735,1_balls,1_balls/metadata/20250621_171406_037521_metadata.json
scratch/Ball_counting_CNN/ball_data_collection/1_balls/metadata/20250621_165209_245159_metadata.json,20250621_165209_245159,1,2,2025-06-21T16:52:28.674676,1_balls,1_balls/metadata/20250621_165209_245159_metadata.json
scratch/Ball_counting_CNN/ball_data_collection/1_balls/metadata/20250620_192449_304286_metadata.json,20250620_192449_304286,1,2,2025-06-20T19:25:00.490008,1_balls,1_balls/metadata/20250620_192449_304286_metadata.json
scratch/Ball_counting_CNN/ball_data_collection/1_balls/metadata/20250620_185556_553523_metadata.json,20250620_185556_553523,1,2,2025-06-20T18:56:23.009582,1_balls,1_balls/metadata/20250620_185556_553523_metadata.json
scratch/Ball_counting_CNN/ball_data_collection/1_balls/metadata/20250621_171320_156501_metadata.json,20250621_171320_156501,1,2,2025-06-21T17:13:27.672667,1_balls,1_balls/metadata/20250621_171320_156501_metadata.json
scratch/Ball_counting_CNN/ball_data_collection/1_balls/metadata/20250621_165605_525478_metadata.json,20250621_165605_525478,1,2,2025-06-21T16:56:15.560484,1_balls,1_balls/metadata/20250621_165605_525478_metadata.json
scratch/Ball_counting_CNN/ball_data_collection/1_balls/metadata/20250620_191644_239901_metadata.json,20250620_191644_239901,1,2,2025-06-20T19:16:49.413146,1_balls,1_balls/metadata/20250620_191644_239901_metadata.json
scratch/Ball_counting_CNN/ball_data_collection/1_balls/metadata/20250621_164706_861148_metadata.json,20250621_164706_861148,1,2,2025-06-21T16:47:17.968526,1_balls,1_balls/metadata/20250621_164706_861148_metadata.json
scratch/Ball_counting_CNN/ball_data_collection/1_balls/metadata/20250620_191608_967859_metadata.json,20250620_191608_967859,1,2,2025-06-20T19:16:15.162137,1_balls,1_balls/metadata/20250620_191608_967859_metadata.json
scratch/Ball_counting_CNN/ball_data_collection/1_balls/metadata/20250621_171446_533571_metadata.json,20250621_171446_533571,1,2,2025-06-21T17:14:58.519623,1_balls,1_balls/metadata/20250621_171446_533571_metadata.json
scratch/Ball_counting_CNN/ball_data_collection/1_balls/metadata/20250620_183207_768634_metadata.json,20250620_183207_768634,1,2,2025-06-20T18:32:22.489951,1_balls,1_balls/metadata/20250620_183207_768634_metadata.json
scratch/Ball_counting_CNN/ball_data_collection/1_balls/metadata/20250620_190142_208778_metadata.json,20250620_190142_208778,1,2,2025-06-20T19:01:48.676431,1_balls,1_balls/metadata/20250620_190142_208778_metadata.json
scratch/Ball_counting_CNN/ball_data_collection/1_balls/metadata/20250620_185004_759881_metadata.json,20250620_185004_759881,1,2,2025-06-20T18:50:13.326521,1_balls,1_balls/metadata/20250620_185004_759881_metadata.json
scratch/Ball_counting_CNN/ball_data_collection/1_balls/metadata/20250620_184332_391847_metadata.json,20250620_184332_391847,1,2,2025-06-20T18:43:37.484691,1_balls,1_balls/metadata/20250620_184332_391847_metadata.json
scratch/Ball_counting_CNN/ball_data_collection/1_balls/metadata/20250620_183608_025343_metadata.json,20250620_183608_025343,1,2,2025-06-20T18:36:31.138840,1_balls,1_balls/metadata/20250620_183608_025343_metadata.json
scratch/Ball_counting_CNN/ball_data_collection/1_balls/metadata/20250621_172657_683994_metadata.json,20250621_172657_683994,1,2,2025-06-21T17:27:05.230362,1_balls,1_balls/metadata/20250621_172657_683994_metadata.json
scratch/Ball_counting_CNN/ball_data_collection/1_balls/metadata/20250620_191458_552126_metadata.json,20250620_191458_552126,1,2,2025-06-20T19:15:04.725190,1_balls,1_balls/metadata/20250620_191458_552126_metadata.json
scratch/Ball_counting_CNN/ball_data_collection/1_balls/metadata/20250621_172158_653776_metadata.json,20250621_172158_653776,1,2,2025-06-21T17:22:07.264496,1_balls,1_balls/metadata/20250621_172158_653776_metadata.json
scratch/Ball_counting_CNN/ball_data_collection/1_balls/metadata/20250621_174450_860734_metadata.json,20250621_174450_860734,1,2,2025-06-21T17:44:58.178222,1_balls,1_balls/metadata/20250621_174450_860734_metadata.json
scratch/Ball_counting_CNN/ball_data_collection/1_balls/metadata/20250620_183418_640428_metadata.json,20250620_183418_640428,1,2,2025-06-20T18:34:27.294882,1_balls,1_balls/metadata/20250620_183418_640428_metadata.json
scratch/Ball_counting_CNN/ball_data_collection/1_balls/metadata/20250620_184010_713744_metadata.json,20250620_184010_713744,1,2,2025-06-20T18:40:23.016746,1_balls,1_balls/metadata/20250620_184010_713744_metadata.json
scratch/Ball_counting_CNN/ball_data_collection/1_balls/metadata/20250620_180433_833138_metadata.json,20250620_180433_833138,1,2,2025-06-20T18:04:42.458664,1_balls,1_balls/metadata/20250620_180433_833138_metadata.json
scratch/Ball_counting_CNN/ball_data_collection/1_balls/metadata/20250621_170438_452652_metadata.json,20250621_170438_452652,1,2,2025-06-21T17:04:48.302606,1_balls,1_balls/metadata/20250621_170438_452652_metadata.json
scratch/Ball_counting_CNN/ball_data_collection/2_balls/metadata/20250621_213907_755752_metadata.json,20250621_213907_755752,2,3,2025-06-21T21:39:29.795419,2_balls,2_balls/metadata/20250621_213907_755752_metadata.json
scratch/Ball_counting_CNN/ball_data_collection/2_balls/metadata/20250621_215615_859908_metadata.json,20250621_215615_859908,2,3,2025-06-21T21:56:57.936212,2_balls,2_balls/metadata/20250621_215615_859908_metadata.json
scratch/Ball_counting_CNN/ball_data_collection/2_balls/metadata/20250621_185039_115983_metadata.json,20250621_185039_115983,2,3,2025-06-21T18:50:54.872989,2_balls,2_balls/metadata/20250621_185039_115983_metadata.json
scratch/Ball_counting_CNN/ball_data_collection/2_balls/metadata/20250621_182013_492576_metadata.json,20250621_182013_492576,2,3,2025-06-21T18:20:22.225594,2_balls,2_balls/metadata/20250621_182013_492576_metadata.json
scratch/Ball_counting_CNN/ball_data_collection/2_balls/metadata/20250621_185556_844072_metadata.json,20250621_185556_844072,2,3,2025-06-21T18:56:11.646909,2_balls,2_balls/metadata/20250621_185556_844072_metadata.json
scratch/Ball_counting_CNN/ball_data_collection/2_balls/metadata/20250621_180756_915561_metadata.json,20250621_180756_915561,2,3,2025-06-21T18:08:14.046789,2_balls,2_balls/metadata/20250621_180756_915561_metadata.json
scratch/Ball_counting_CNN/ball_data_collection/2_balls/metadata/20250621_214028_228076_metadata.json,20250621_214028_228076,2,3,2025-06-21T21:41:09.272463,2_balls,2_balls/metadata/20250621_214028_228076_metadata.json
scratch/Ball_counting_CNN/ball_data_collection/2_balls/metadata/20250621_205335_658980_metadata.json,20250621_205335_658980,2,3,2025-06-21T20:53:51.355216,2_balls,2_balls/metadata/20250621_205335_658980_metadata.json
scratch/Ball_counting_CNN/ball_data_collection/2_balls/metadata/20250621_180205_682506_metadata.json,20250621_180205_682506,2,3,2025-06-21T18:02:33.841723,2_balls,2_balls/metadata/20250621_180205_682506_metadata.json
scratch/Ball_counting_CNN/ball_data_collection/2_balls/metadata/20250621_220029_931442_metadata.json,20250621_220029_931442,2,3,2025-06-21T22:00:54.338112,2_balls,2_balls/metadata/20250621_220029_931442_metadata.json
scratch/Ball_counting_CNN/ball_data_collection/2_balls/metadata/20250621_191034_268521_metadata.json,20250621_191034_268521,2,3,2025-06-21T19:10:50.285785,2_balls,2_balls/metadata/20250621_191034_268521_metadata.json
scratch/Ball_counting_CNN/ball_data_collection/2_balls/metadata/20250621_184702_140275_metadata.json,20250621_184702_140275,2,3,2025-06-21T18:47:18.326108,2_balls,2_balls/metadata/20250621_184702_140275_metadata.json
scratch/Ball_counting_CNN/ball_data_collection/2_balls/metadata/20250621_205727_898897_metadata.json,20250621_205727_898897,2,3,2025-06-21T20:58:02.763222,2_balls,2_balls/metadata/20250621_205727_898897_metadata.json
scratch/Ball_counting_CNN/ball_data_collection/2_balls/metadata/20250621_185123_738254_metadata.json,20250621_185123_738254,2,3,2025-06-21T18:51:45.585050,2_balls,2_balls/metadata/20250621_185123_738254_metadata.json
scratch/Ball_counting_CNN/ball_data_collection/2_balls/metadata/20250621_210347_315992_metadata.json,20250621_210347_315992,2,3,2025-06-21T21:04:02.285060,2_balls,2_balls/metadata/20250621_210347_315992_metadata.json
scratch/Ball_counting_CNN/ball_data_collection/2_balls/metadata/20250621_213422_435317_metadata.json,20250621_213422_435317,2,3,2025-06-21T21:34:46.496456,2_balls,2_balls/metadata/20250621_213422_435317_metadata.json
scratch/Ball_counting_CNN/ball_data_collection/2_balls/metadata/20250621_181829_140413_metadata.json,20250621_181829_140413,2,3,2025-06-21T18:18:59.123432,2_balls,2_balls/metadata/20250621_181829_140413_metadata.json
scratch/Ball_counting_CNN/ball_data_collection/2_balls/metadata/20250621_211820_098638_metadata.json,20250621_211820_098638,2,3,2025-06-21T21:18:42.010908,2_balls,2_balls/metadata/20250621_211820_098638_metadata.json
scratch/Ball_counting_CNN/ball_data_collection/2_balls/metadata/20250621_182611_348043_metadata.json,20250621_182611_348043,2,3,2025-06-21T18:26:55.784414,2_balls,2_balls/metadata/20250621_182611_348043_metadata.json
scratch/Ball_counting_CNN/ball_data_collection/2_balls/metadata/20250621_221017_259328_metadata.json,20250621_221017_259328,2,3,2025-06-21T22:10:59.139892,2_balls,2_balls/metadata/20250621_221017_259328_metadata.json
scratch/Ball_counting_CNN/ball_data_collection/2_balls/metadata/20250621_213212_634458_metadata.json,20250621_213212_634458,2,3,2025-06-21T21:32:53.665671,2_balls,2_balls/metadata/20250621_213212_634458_metadata.json
scratch/Ball_counting_CNN/ball_data_collection/2_balls/metadata/20250621_183528_236377_metadata.json,20250621_183528_236377,2,3,2025-06-21T18:35:42.608207,2_balls,2_balls/metadata/20250621_183528_236377_metadata.json
scratch/Ball_counting_CNN/ball_data_collection/2_balls/metadata/20250621_180625_523964_metadata.json,20250621_180625_523964,2,3,2025-06-21T18:06:50.920800,2_balls,2_balls/metadata/20250621_180625_523964_metadata.json
scratch/Ball_counting_CNN/ball_data_collection/2_balls/metadata/20250621_185833_523712_metadata.json,20250621_185833_523712,2,3,2025-06-21T18:58:51.643044,2_balls,2_balls/metadata/20250621_185833_523712_metadata.json
scratch/Ball_counting_CNN/ball_data_collection/2_balls/metadata/20250621_210139_435686_metadata.json,20250621_210139_435686,2,3,2025-06-21T21:01:57.886119,2_balls,2_balls/metadata/20250621_210139_435686_metadata.json
scratch/Ball_counting_CNN/ball_data_collection/2_balls/metadata/20250621_215324_666817_metadata.json,20250621_215324_666817,2,3,2025-06-21T21:53:44.413125,2_balls,2_balls/metadata/20250621_215324_666817_metadata.json
scratch/Ball_counting_CNN/ball_data_collection/2_balls/metadata/20250621_185325_163521_metadata.json,20250621_185325_163521,2,3,2025-06-21T18:53:47.101247,2_balls,2_balls/metadata/20250621_185325_163521_metadata.json
scratch/Ball_counting_CNN/ball_data_collection/2_balls/metadata/20250621_185716_932116_metadata.json,20250621_185716_932116,2,3,2025-06-21T18:57:36.517050,2_balls,2_balls/metadata/20250621_185716_932116_metadata.json
scratch/Ball_counting_CNN/ball_data_collection/2_balls/metadata/20250621_180418_604893_metadata.json,20250621_180418_604893,2,3,2025-06-21T18:04:45.419802,2_balls,2_balls/metadata/20250621_180418_604893_metadata.json
scratch/Ball_counting_CNN/ball_data_collection/2_balls/metadata/20250621_182808_763859_metadata.json,20250621_182808_763859,2,3,2025-06-21T18:28:30.279274,2_balls,2_balls/metadata/20250621_182808_763859_metadata.json
scratch/Ball_counting_CNN/ball_data_collection/2_balls/metadata/20250621_184429_379788_metadata.json,20250621_184429_379788,2,3,2025-06-21T18:44:55.156132,2_balls,2_balls/metadata/20250621_184429_379788_metadata.json
scratch/Ball_counting_CNN/ball_data_collection/2_balls/metadata/20250621_205452_123755_metadata.json,20250621_205452_123755,2,3,2025-06-21T20:55:29.389148,2_balls,2_balls/metadata/20250621_205452_123755_metadata.json
scratch/Ball_counting_CNN/ball_data_collection/2_balls/metadata/20250621_210303_875358_metadata.json,20250621_210303_875358,2,3,2025-06-21T21:03:32.834166,2_balls,2_balls/metadata/20250621_210303_875358_metadata.json
scratch/Ball_counting_CNN/ball_data_collection/2_balls/metadata/20250621_180839_979834_metadata.json,20250621_180839_979834,2,3,2025-06-21T18:08:57.960743,2_balls,2_balls/metadata/20250621_180839_979834_metadata.json
scratch/Ball_counting_CNN/ball_data_collection/2_balls/metadata/20250621_215451_051473_metadata.json,20250621_215451_051473,2,3,2025-06-21T21:54:59.020138,2_balls,2_balls/metadata/20250621_215451_051473_metadata.json
scratch/Ball_counting_CNN/ball_data_collection/2_balls/metadata/20250621_212837_218630_metadata.json,20250621_212837_218630,2,3,2025-06-21T21:28:59.310583,2_balls,2_balls/metadata/20250621_212837_218630_metadata.json
scratch/Ball_counting_CNN/ball_data_collection/2_balls/metadata/20250621_213510_371184_metadata.json,20250621_213510_371184,2,3,2025-06-21T21:35:32.217552,2_balls,2_balls/metadata/20250621_213510_371184_metadata.json
scratch/Ball_counting_CNN/ball_data_collection/2_balls/metadata/20250621_191553_132513_metadata.json,20250621_191553_132513,2,3,2025-06-21T19:16:11.630427,2_balls,2_balls/metadata/20250621_191553_132513_metadata.json
scratch/Ball_counting_CNN/ball_data_collection/2_balls/metadata/20250621_184302_763402_metadata.json,20250621_184302_763402,2,3,2025-06-21T18:43:17.514076,2_balls,2_balls/metadata/20250621_184302_763402_metadata.json
scratch/Ball_counting_CNN/ball_data_collection/2_balls/metadata/20250621_183049_292312_metadata.json,20250621_183049_292312,2,3,2025-06-21T18:31:24.229430,2_balls,2_balls/metadata/20250621_183049_292312_metadata.json
scratch/Ball_counting_CNN/ball_data_collection/2_balls/metadata/20250621_213944_906751_metadata.json,20250621_213944_906751,2,3,2025-06-21T21:40:05.587422,2_balls,2_balls/metadata/20250621_213944_906751_metadata.json
scratch/Ball_counting_CNN/ball_data_collection/2_balls/metadata/20250621_212925_722121_metadata.json,20250621_212925_722121,2,3,2025-06-21T21:29:49.793497,2_balls,2_balls/metadata/20250621_212925_722121_metadata.json
scratch/Ball_counting_CNN/ball_data_collection/2_balls/metadata/20250621_182545_643406_metadata.json,20250621_182545_643406,2,3,2025-06-21T18:26:06.356463,2_balls,2_balls/metadata/20250621_182545_643406_metadata.json
scratch/Ball_counting_CNN/ball_data_collection/2_balls/metadata/20250621_181539_195978_metadata.json,20250621_181539_195978,2,3,2025-06-21T18:15:56.397523,2_balls,2_balls/metadata/20250621_181539_195978_metadata.json
scratch/Ball_counting_CNN/ball_data_collection/2_balls/metadata/20250621_220655_314943_metadata.json,20250621_220655_314943,2,3,2025-06-21T22:07:23.163900,2_balls,2_balls/metadata/20250621_220655_314943_metadata.json
scratch/Ball_counting_CNN/ball_data_collection/2_balls/metadata/20250621_210007_859192_metadata.json,20250621_210007_859192,2,3,2025-06-21T21:00:19.261107,2_balls,2_balls/metadata/20250621_210007_859192_metadata.json
scratch/Ball_counting_CNN/ball_data_collection/2_balls/metadata/20250621_213827_323120_metadata.json,20250621_213827_323120,2,3,2025-06-21T21:38:52.997448,2_balls,2_balls/metadata/20250621_213827_323120_metadata.json
scratch/Ball_counting_CNN/ball_data_collection/2_balls/metadata/20250621_220842_578221_metadata.json,20250621_220842_578221,2,3,2025-06-21T22:08:58.175886,2_balls,2_balls/metadata/20250621_220842_578221_metadata.json
scratch/Ball_counting_CNN/ball_data_collection/2_balls/metadata/20250621_184327_275491_metadata.json,20250621_184327_275491,2,3,2025-06-21T18:44:09.433191,2_balls,2_balls/metadata/20250621_184327_275491_metadata.json
scratch/Ball_counting_CNN/ball_data_collection/2_balls/metadata/20250621_175751_788556_metadata.json,20250621_175751_788556,2,3,2025-06-21T17:58:17.007924,2_balls,2_balls/metadata/20250621_175751_788556_metadata.json
scratch/Ball_counting_CNN/ball_data_collection/2_balls/metadata/20250621_175430_876726_metadata.json,20250621_175430_876726,2,3,2025-06-21T17:54:49.606930,2_balls,2_balls/metadata/20250621_175430_876726_metadata.json
scratch/Ball_counting_CNN/ball_data_collection/2_balls/metadata/20250621_211452_818846_metadata.json,20250621_211452_818846,2,3,2025-06-21T21:15:07.783841,2_balls,2_balls/metadata/20250621_211452_818846_metadata.json
scratch/Ball_counting_CNN/ball_data_collection/2_balls/metadata/20250621_215942_659510_metadata.json,20250621_215942_659510,2,3,2025-06-21T22:00:08.187087,2_balls,2_balls/metadata/20250621_215942_659510_metadata.json
scratch/Ball_counting_CNN/ball_data_collection/2_balls/metadata/20250621_215529_531289_metadata.json,20250621_215529_531289,2,3,2025-06-21T21:55:51.530113,2_balls,2_balls/metadata/20250621_215529_531289_metadata.json
scratch/Ball_counting_CNN/ball_data_collection/2_balls/metadata/20250621_175828_620422_metadata.json,20250621_175828_620422,2,3,2025-06-21T17:58:55.290920,2_balls,2_balls/metadata/20250621_175828_620422_metadata.json
scratch/Ball_counting_CNN/ball_data_collection/2_balls/metadata/20250621_190505_011610_metadata.json,20250621_190505_011610,2,3,2025-06-21T19:05:34.013888,2_balls,2_balls/metadata/20250621_190505_011610_metadata.json
scratch/Ball_counting_CNN/ball_data_collection/2_balls/metadata/20250621_191734_755615_metadata.json,20250621_191734_755615,2,3,2025-06-21T19:17:50.530395,2_balls,2_balls/metadata/20250621_191734_755615_metadata.json
scratch/Ball_counting_CNN/ball_data_collection/2_balls/metadata/20250621_181955_157559_metadata.json,20250621_181955_157559,2,3,2025-06-21T18:20:08.638415,2_balls,2_balls/metadata/20250621_181955_157559_metadata.json
scratch/Ball_counting_CNN/ball_data_collection/2_balls/metadata/20250621_220121_026788_metadata.json,20250621_220121_026788,2,3,2025-06-21T22:01:48.784038,2_balls,2_balls/metadata/20250621_220121_026788_metadata.json
scratch/Ball_counting_CNN/ball_data_collection/2_balls/metadata/20250621_205930_763217_metadata.json,20250621_205930_763217,2,3,2025-06-21T20:59:42.192084,2_balls,2_balls/metadata/20250621_205930_763217_metadata.json
scratch/Ball_counting_CNN/ball_data_collection/2_balls/metadata/20250621_212401_546989_metadata.json,20250621_212401_546989,2,3,2025-06-21T21:24:28.248642,2_balls,2_balls/metadata/20250621_212401_546989_metadata.json
scratch/Ball_counting_CNN/ball_data_collection/2_balls/metadata/20250621_191307_764047_metadata.json,20250621_191307_764047,2,3,2025-06-21T19:13:21.349473,2_balls,2_balls/metadata/20250621_191307_764047_metadata.json
scratch/Ball_counting_CNN/ball_data_collection/2_balls/metadata/20250621_182111_626760_metadata.json,20250621_182111_626760,2,3,2025-06-21T18:21:53.899570,2_balls,2_balls/metadata/20250621_182111_626760_metadata.json
scratch/Ball_counting_CNN/ball_data_collection/2_balls/metadata/20250621_182421_363569_metadata.json,20250621_182421_363569,2,3,2025-06-21T18:24:38.329452,2_balls,2_balls/metadata/20250621_182421_363569_metadata.json
scratch/Ball_counting_CNN/ball_data_collection/2_balls/metadata/20250621_211740_498988_metadata.json,20250621_211740_498988,2,3,2025-06-21T21:18:07.196916,2_balls,2_balls/metadata/20250621_211740_498988_metadata.json
scratch/Ball_counting_CNN/ball_data_collection/2_balls/metadata/20250621_215214_602349_metadata.json,20250621_215214_602349,2,3,2025-06-21T21:52:43.560181,2_balls,2_balls/metadata/20250621_215214_602349_metadata.json
scratch/Ball_counting_CNN/ball_data_collection/2_balls/metadata/20250621_183219_764367_metadata.json,20250621_183219_764367,2,3,2025-06-21T18:33:00.645348,2_balls,2_balls/metadata/20250621_183219_764367_metadata.json
scratch/Ball_counting_CNN/ball_data_collection/2_balls/metadata/20250621_190041_708042_metadata.json,20250621_190041_708042,2,3,2025-06-21T19:00:55.388892,2_balls,2_balls/metadata/20250621_190041_708042_metadata.json
scratch/Ball_counting_CNN/ball_data_collection/2_balls/metadata/20250621_205426_612758_metadata.json,20250621_205426_612758,2,3,2025-06-21T20:54:46.312210,2_balls,2_balls/metadata/20250621_205426_612758_metadata.json
scratch/Ball_counting_CNN/ball_data_collection/2_balls/metadata/20250621_210522_051413_metadata.json,20250621_210522_051413,2,3,2025-06-21T21:06:03.179107,2_balls,2_balls/metadata/20250621_210522_051413_metadata.json
scratch/Ball_counting_CNN/ball_data_collection/2_balls/metadata/20250621_190417_876716_metadata.json,20250621_190417_876716,2,3,2025-06-21T19:04:44.820906,2_balls,2_balls/metadata/20250621_190417_876716_metadata.json
scratch/Ball_counting_CNN/ball_data_collection/2_balls/metadata/20250621_211522_818515_metadata.json,20250621_211522_818515,2,3,2025-06-21T21:15:49.515861,2_balls,2_balls/metadata/20250621_211522_818515_metadata.json
scratch/Ball_counting_CNN/ball_data_collection/2_balls/metadata/20250621_190707_220611_metadata.json,20250621_190707_220611,2,3,2025-06-21T19:07:24.192744,2_balls,2_balls/metadata/20250621_190707_220611_metadata.json
scratch/Ball_counting_CNN/ball_data_collection/2_balls/metadata/20250621_182735_779463_metadata.json,20250621_182735_779463,2,3,2025-06-21T18:27:55.346310,2_balls,2_balls/metadata/20250621_182735_779463_metadata.json
scratch/Ball_counting_CNN/ball_data_collection/2_balls/metadata/20250621_183446_300622_metadata.json,20250621_183446_300622,2,3,2025-06-21T18:35:10.746353,2_balls,2_balls/metadata/20250621_183446_300622_metadata.json
scratch/Ball_counting_CNN/ball_data_collection/2_balls/metadata/20250621_184632_755554_metadata.json,20250621_184632_755554,2,3,2025-06-21T18:46:49.770104,2_balls,2_balls/metadata/20250621_184632_755554_metadata.json
scratch/Ball_counting_CNN/ball_data_collection/2_balls/metadata/20250621_212437_506526_metadata.json,20250621_212437_506526,2,3,2025-06-21T21:24:54.470729,2_balls,2_balls/metadata/20250621_212437_506526_metadata.json
scratch/Ball_counting_CNN/ball_data_collection/2_balls/metadata/20250621_220448_155235_metadata.json,20250621_220448_155235,2,3,2025-06-21T22:05:02.742058,2_balls,2_balls/metadata/20250621_220448_155235_metadata.json
scratch/Ball_counting_CNN/ball_data_collection/2_balls/metadata/20250621_211435_252489_metadata.json,20250621_211435_252489,2,3,2025-06-21T21:14:46.409775,2_balls,2_balls/metadata/20250621_211435_252489_metadata.json
scratch/Ball_counting_CNN/ball_data_collection/2_balls/metadata/20250621_181632_740949_metadata.json,20250621_181632_740949,2,3,2025-06-21T18:16:54.591508,2_balls,2_balls/metadata/20250621_181632_740949_metadata.json
scratch/Ball_counting_CNN/ball_data_collection/2_balls/metadata/20250621_180722_068549_metadata.json,20250621_180722_068549,2,3,2025-06-21T18:07:39.280735,2_balls,2_balls/metadata/20250621_180722_068549_metadata.json
scratch/Ball_counting_CNN/ball_data_collection/2_balls/metadata/20250621_183625_060642_metadata.json,20250621_183625_060642,2,3,2025-06-21T18:36:39.916259,2_balls,2_balls/metadata/20250621_183625_060642_metadata.json
scratch/Ball_counting_CNN/ball_data_collection/2_balls/metadata/20250621_210828_523654_metadata.json,20250621_210828_523654,2,3,2025-06-21T21:08:40.810942,2_balls,2_balls/metadata/20250621_210828_523654_metadata.json
scratch/Ball_counting_CNN/ball_data_collection/2_balls/metadata/20250621_220753_858856_metadata.json,20250621_220753_858856,2,3,2025-06-21T22:08:25.298916,2_balls,2_balls/metadata/20250621_220753_858856_metadata.json
scratch/Ball_counting_CNN/ball_data_collection/2_balls/metadata/20250621_190838_627527_metadata.json,20250621_190838_627527,2,3,2025-06-21T19:08:56.965707,2_balls,2_balls/metadata/20250621_190838_627527_metadata.json
scratch/Ball_counting_CNN/ball_data_collection/2_balls/metadata/20250621_212742_642940_metadata.json,20250621_212742_642940,2,3,2025-06-21T21:28:08.134596,2_balls,2_balls/metadata/20250621_212742_642940_metadata.json
scratch/Ball_counting_CNN/ball_data_collection/2_balls/metadata/20250621_210937_179064_metadata.json,20250621_210937_179064,2,3,2025-06-21T21:10:06.235016,2_balls,2_balls/metadata/20250621_210937_179064_metadata.json
scratch/Ball_counting_CNN/ball_data_collection/2_balls/metadata/20250621_182321_233560_metadata.json,20250621_182321_233560,2,3,2025-06-21T18:23:44.147339,2_balls,2_balls/metadata/20250621_182321_233560_metadata.json
scratch/Ball_counting_CNN/ball_data_collection/2_balls/metadata/20250621_212508_315164_metadata.json,20250621_212508_315164,2,3,2025-06-21T21:25:36.414653,2_balls,2_balls/metadata/20250621_212508_315164_metadata.json
scratch/Ball_counting_CNN/ball_data_collection/2_balls/metadata/20250621_190121_179403_metadata.json,20250621_190121_179403,2,3,2025-06-21T19:01:56.152783,2_balls,2_balls/metadata/20250621_190121_179403_metadata.json
scratch/Ball_counting_CNN/ball_data_collection/2_balls/metadata/20250621_214608_634949_metadata.json,20250621_214608_634949,2,3,2025-06-21T21:46:36.547328,2_balls,2_balls/metadata/20250621_214608_634949_metadata.json
scratch/Ball_counting_CNN/ball_data_collection/2_balls/metadata/20250621_183008_860389_metadata.json,20250621_183008_860389,2,3,2025-06-21T18:30:35.322295,2_balls,2_balls/metadata/20250621_183008_860389_metadata.json
scratch/Ball_counting_CNN/ball_data_collection/2_balls/metadata/20250621_210850_546409_metadata.json,20250621_210850_546409,2,3,2025-06-21T21:09:00.582012,2_balls,2_balls/metadata/20250621_210850_546409_metadata.json
scratch/Ball_counting_CNN/ball_data_collection/2_balls/metadata/20250621_211907_802274_metadata.json,20250621_211907_802274,2,3,2025-06-21T21:19:44.367799,2_balls,2_balls/metadata/20250621_211907_802274_metadata.json
scratch/Ball_counting_CNN/ball_data_collection/2_balls/metadata/20250621_210040_292177_metadata.json,20250621_210040_292177,2,3,2025-06-21T21:00:58.601171,2_balls,2_balls/metadata/20250621_210040_292177_metadata.json
scratch/Ball_counting_CNN/ball_data_collection/2_balls/metadata/20250621_184215_276743_metadata.json,20250621_184215_276743,2,3,2025-06-21T18:42:39.823077,2_balls,2_balls/metadata/20250621_184215_276743_metadata.json
scratch/Ball_counting_CNN/ball_data_collection/2_balls/metadata/20250621_180347_675871_metadata.json,20250621_180347_675871,2,3,2025-06-21T18:04:13.099704,2_balls,2_balls/metadata/20250621_180347_675871_metadata.json
scratch/Ball_counting_CNN/ball_data_collection/2_balls/metadata/20250621_214717_730887_metadata.json,20250621_214717_730887,2,3,2025-06-21T21:47:31.187508,2_balls,2_balls/metadata/20250621_214717_730887_metadata.json
scratch/Ball_counting_CNN/ball_data_collection/2_balls/metadata/20250621_211254_219552_metadata.json,20250621_211254_219552,2,3,2025-06-21T21:13:16.225870,2_balls,2_balls/metadata/20250621_211254_219552_metadata.json
scratch/Ball_counting_CNN/ball_data_collection/2_balls/metadata/20250621_181701_523832_metadata.json,20250621_181701_523832,2,3,2025-06-21T18:17:33.905577,2_balls,2_balls/metadata/20250621_181701_523832_metadata.json
scratch/Ball_counting_CNN/ball_data_collection/2_balls/metadata/20250621_211702_770698_metadata.json,20250621_211702_770698,2,3,2025-06-21T21:17:24.897798,2_balls,2_balls/metadata/20250621_211702_770698_metadata.json
scratch/Ball_counting_CNN/ball_data_collection/2_balls/metadata/20250621_205811_274918_metadata.json,20250621_205811_274918,2,3,2025-06-21T20:58:42.634237,2_balls,2_balls/metadata/20250621_205811_274918_metadata.json
scratch/Ball_counting_CNN/ball_data_collection/2_balls/metadata/20250621_213754_379829_metadata.json,20250621_213754_379829,2,3,2025-06-21T21:38:05.562439,2_balls,2_balls/metadata/20250621_213754_379829_metadata.json
scratch/Ball_counting_CNN/ball_data_collection/2_balls/metadata/20250621_181455_460571_metadata.json,20250621_181455_460571,2,3,2025-06-21T18:15:12.667680,2_balls,2_balls/metadata/20250621_181455_460571_metadata.json
scratch/Ball_counting_CNN/ball_data_collection/2_balls/metadata/20250621_181742_276647_metadata.json,20250621_181742_276647,2,3,2025-06-21T18:18:18.687452,2_balls,2_balls/metadata/20250621_181742_276647_metadata.json
scratch/Ball_counting_CNN/ball_data_collection/2_balls/metadata/20250621_184901_563398_metadata.json,20250621_184901_563398,2,3,2025-06-21T18:49:16.193033,2_balls,2_balls/metadata/20250621_184901_563398_metadata.json
scratch/Ball_counting_CNN/ball_data_collection/2_balls/metadata/20250621_181603_668441_metadata.json,20250621_181603_668441,2,3,2025-06-21T18:16:25.330622,2_balls,2_balls/metadata/20250621_181603_668441_metadata.json
scratch/Ball_counting_CNN/ball_data_collection/2_balls/metadata/20250621_184738_428290_metadata.json,20250621_184738_428290,2,3,2025-06-21T18:47:50.660094,2_balls,2_balls/metadata/20250621_184738_428290_metadata.json
scratch/Ball_counting_CNN/ball_data_collection/2_balls/metadata/20250621_191424_492269_metadata.json,20250621_191424_492269,2,3,2025-06-21T19:14:52.320480,2_balls,2_balls/metadata/20250621_191424_492269_metadata.json
scratch/Ball_counting_CNN/ball_data_collection/2_balls/metadata/20250621_210705_539892_metadata.json,20250621_210705_539892,2,3,2025-06-21T21:07:24.920950,2_balls,2_balls/metadata/20250621_210705_539892_metadata.json
scratch/Ball_counting_CNN/ball_data_collection/2_balls/metadata/20250621_180902_132267_metadata.json,20250621_180902_132267,2,3,2025-06-21T18:09:20.971731,2_balls,2_balls/metadata/20250621_180902_132267_metadata.json
scratch/Ball_counting_CNN/ball_data_collection/2_balls/metadata/20250621_180459_044642_metadata.json,20250621_180459_044642,2,3,2025-06-21T18:05:07.930684,2_balls,2_balls/metadata/20250621_180459_044642_metadata.json
scratch/Ball_counting_CNN/ball_data_collection/2_balls/metadata/20250621_212649_594680_metadata.json,20250621_212649_594680,2,3,2025-06-21T21:27:22.171849,2_balls,2_balls/metadata/20250621_212649_594680_metadata.json
scratch/Ball_counting_CNN/ball_data_collection/2_balls/metadata/20250621_191118_920903_metadata.json,20250621_191118_920903,2,3,2025-06-21T19:11:39.206707,2_balls,2_balls/metadata/20250621_191118_920903_metadata.json
scratch/Ball_counting_CNN/ball_data_collection/2_balls/metadata/20250621_183554_715834_metadata.json,20250621_183554_715834,2,3,2025-06-21T18:36:09.452302,2_balls,2_balls/metadata/20250621_183554_715834_metadata.json
scratch/Ball_counting_CNN/ball_data_collection/2_balls/metadata/20250621_221229_834899_metadata.json,20250621_221229_834899,2,3,2025-06-21T22:12:52.857854,2_balls,2_balls/metadata/20250621_221229_834899_metadata.json
scratch/Ball_counting_CNN/ball_data_collection/2_balls/metadata/20250621_190319_003138_metadata.json,20250621_190319_003138,2,3,2025-06-21T19:03:33.859790,2_balls,2_balls/metadata/20250621_190319_003138_metadata.json
scratch/Ball_counting_CNN/ball_data_collection/2_balls/metadata/20250621_191236_106401_metadata.json,20250621_191236_106401,2,3,2025-06-21T19:12:53.338540,2_balls,2_balls/metadata/20250621_191236_106401_metadata.json
scratch/Ball_counting_CNN/ball_data_collection/2_balls/metadata/20250621_190253_996152_metadata.json,20250621_190253_996152,2,3,2025-06-21T19:03:05.264767,2_balls,2_balls/metadata/20250621_190253_996152_metadata.json
scratch/Ball_counting_CNN/ball_data_collection/2_balls/metadata/20250621_212103_290790_metadata.json,20250621_212103_290790,2,3,2025-06-21T21:21:28.562677,2_balls,2_balls/metadata/20250621_212103_290790_metadata.json
scratch/Ball_counting_CNN/ball_data_collection/2_balls/metadata/20250621_214846_555711_metadata.json,20250621_214846_555711,2,3,2025-06-21T21:49:01.469295,2_balls,2_balls/metadata/20250621_214846_555711_metadata.json
scratch/Ball_counting_CNN/ball_data_collection/2_balls/metadata/20250621_175524_753679_metadata.json,20250621_175524_753679,2,3,2025-06-21T17:55:39.321877,2_balls,2_balls/metadata/20250621_175524_753679_metadata.json
scratch/Ball_counting_CNN/ball_data_collection/2_balls/metadata/20250621_212231_107741_metadata.json,20250621_212231_107741,2,3,2025-06-21T21:22:49.716741,2_balls,2_balls/metadata/20250621_212231_107741_metadata.json
scratch/Ball_counting_CNN/ball_data_collection/2_balls/metadata/20250621_185405_388134_metadata.json,20250621_185405_388134,2,3,2025-06-21T18:54:30.736913,2_balls,2_balls/metadata/20250621_185405_388134_metadata.json
scratch/Ball_counting_CNN/ball_data_collection/2_balls/metadata/20250621_210741_307165_metadata.json,20250621_210741_307165,2,3,2025-06-21T21:08:09.272951,2_balls,2_balls/metadata/20250621_210741_307165_metadata.json
scratch/Ball_counting_CNN/ball_data_collection/2_balls/metadata/20250621_214458_682520_metadata.json,20250621_214458_682520,2,3,2025-06-21T21:45:24.149433,2_balls,2_balls/metadata/20250621_214458_682520_metadata.json
scratch/Ball_counting_CNN/ball_data_collection/2_balls/metadata/20250621_210448_956037_metadata.json,20250621_210448_956037,2,3,2025-06-21T21:05:14.539046,2_balls,2_balls/metadata/20250621_210448_956037_metadata.json
scratch/Ball_counting_CNN/ball_data_collection/2_balls/metadata/20250621_185524_875728_metadata.json,20250621_185524_875728,2,3,2025-06-21T18:55:48.115932,2_balls,2_balls/metadata/20250621_185524_875728_metadata.json
scratch/Ball_counting_CNN/ball_data_collection/2_balls/metadata/20250621_220933_650706_metadata.json,20250621_220933_650706,2,3,2025-06-21T22:09:54.259915,2_balls,2_balls/metadata/20250621_220933_650706_metadata.json
scratch/Ball_counting_CNN/ball_data_collection/2_balls/metadata/20250621_184556_651592_metadata.json,20250621_184556_651592,2,3,2025-06-21T18:46:21.113134,2_balls,2_balls/metadata/20250621_184556_651592_metadata.json
scratch/Ball_counting_CNN/ball_data_collection/2_balls/metadata/20250621_215132_155445_metadata.json,20250621_215132_155445,2,3,2025-06-21T21:52:01.455222,2_balls,2_balls/metadata/20250621_215132_155445_metadata.json
scratch/Ball_counting_CNN/ball_data_collection/2_balls/metadata/20250621_215354_970091_metadata.json,20250621_215354_970091,2,3,2025-06-21T21:54:19.181134,2_balls,2_balls/metadata/20250621_215354_970091_metadata.json
scratch/Ball_counting_CNN/ball_data_collection/2_balls/metadata/20250621_211015_843145_metadata.json,20250621_211015_843145,2,3,2025-06-21T21:10:27.195893,2_balls,2_balls/metadata/20250621_211015_843145_metadata.json
scratch/Ball_counting_CNN/ball_data_collection/2_balls/metadata/20250621_191008_516672_metadata.json,20250621_191008_516672,2,3,2025-06-21T19:10:29.222037,2_balls,2_balls/metadata/20250621_191008_516672_metadata.json
scratch/Ball_counting_CNN/ball_data_collection/2_balls/metadata/20250621_190001_228947_metadata.json,20250621_190001_228947,2,3,2025-06-21T19:00:22.053873,2_balls,2_balls/metadata/20250621_190001_228947_metadata.json
scratch/Ball_counting_CNN/ball_data_collection/2_balls/metadata/20250621_182701_011811_metadata.json,20250621_182701_011811,2,3,2025-06-21T18:27:22.908320,2_balls,2_balls/metadata/20250621_182701_011811_metadata.json
scratch/Ball_counting_CNN/ball_data_collection/2_balls/metadata/20250621_215757_730498_metadata.json,20250621_215757_730498,2,3,2025-06-21T21:58:27.718252,2_balls,2_balls/metadata/20250621_215757_730498_metadata.json
scratch/Ball_counting_CNN/ball_data_collection/2_balls/metadata/20250621_213554_515365_metadata.json,20250621_213554_515365,2,3,2025-06-21T21:36:10.498535,2_balls,2_balls/metadata/20250621_213554_515365_metadata.json
scratch/Ball_counting_CNN/ball_data_collection/2_balls/metadata/20250621_220554_451182_metadata.json,20250621_220554_451182,2,3,2025-06-21T22:06:17.267021,2_balls,2_balls/metadata/20250621_220554_451182_metadata.json
scratch/Ball_counting_CNN/ball_data_collection/2_balls/metadata/20250621_215017_299277_metadata.json,20250621_215017_299277,2,3,2025-06-21T21:50:42.696186,2_balls,2_balls/metadata/20250621_215017_299277_metadata.json
scratch/Ball_counting_CNN/ball_data_collection/2_balls/metadata/20250621_183145_388924_metadata.json,20250621_183145_388924,2,3,2025-06-21T18:31:58.694208,2_balls,2_balls/metadata/20250621_183145_388924_metadata.json
scratch/Ball_counting_CNN/ball_data_collection/2_balls/metadata/20250621_213652_555918_metadata.json,20250621_213652_555918,2,3,2025-06-21T21:37:08.426451,2_balls,2_balls/metadata/20250621_213652_555918_metadata.json
scratch/Ball_counting_CNN/ball_data_collection/2_balls/metadata/20250621_210203_643732_metadata.json,20250621_210203_643732,2,3,2025-06-21T21:02:29.264091,2_balls,2_balls/metadata/20250621_210203_643732_metadata.json
scratch/Ball_counting_CNN/ball_data_collection/2_balls/metadata/20250621_220243_482205_metadata.json,20250621_220243_482205,2,3,2025-06-21T22:03:06.682126,2_balls,2_balls/metadata/20250621_220243_482205_metadata.json
scratch/Ball_counting_CNN/ball_data_collection/2_balls/metadata/20250621_213053_227506_metadata.json,20250621_213053_227506,2,3,2025-06-21T21:31:28.158601,2_balls,2_balls/metadata/20250621_213053_227506_metadata.json
scratch/Ball_counting_CNN/ball_data_collection/2_balls/metadata/20250621_190208_139457_metadata.json,20250621_190208_139457,2,3,2025-06-21T19:02:29.999053,2_balls,2_balls/metadata/20250621_190208_139457_metadata.json
scratch/Ball_counting_CNN/ball_data_collection/2_balls/metadata/20250621_205401_900519_metadata.json,20250621_205401_900519,2,3,2025-06-21T20:54:16.842155,2_balls,2_balls/metadata/20250621_205401_900519_metadata.json
scratch/Ball_counting_CNN/ball_data_collection/2_balls/metadata/20250621_220206_138615_metadata.json,20250621_220206_138615,2,3,2025-06-21T22:02:22.145129,2_balls,2_balls/metadata/20250621_220206_138615_metadata.json
scratch/Ball_counting_CNN/ball_data_collection/2_balls/metadata/20250621_211342_681395_metadata.json,20250621_211342_681395,2,3,2025-06-21T21:13:58.502046,2_balls,2_balls/metadata/20250621_211342_681395_metadata.json
scratch/Ball_counting_CNN/ball_data_collection/2_balls/metadata/20250621_183714_340437_metadata.json,20250621_183714_340437,2,3,2025-06-21T18:37:26.720149,2_balls,2_balls/metadata/20250621_183714_340437_metadata.json
scratch/Ball_counting_CNN/ball_data_collection/2_balls/metadata/20250621_211559_859075_metadata.json,20250621_211559_859075,2,3,2025-06-21T21:16:12.258914,2_balls,2_balls/metadata/20250621_211559_859075_metadata.json
scratch/Ball_counting_CNN/ball_data_collection/2_balls/metadata/20250621_212558_555064_metadata.json,20250621_212558_555064,2,3,2025-06-21T21:26:23.894685,2_balls,2_balls/metadata/20250621_212558_555064_metadata.json
scratch/Ball_counting_CNN/ball_data_collection/2_balls/metadata/20250621_213342_267617_metadata.json,20250621_213342_267617,2,3,2025-06-21T21:34:12.525502,2_balls,2_balls/metadata/20250621_213342_267617_metadata.json
scratch/Ball_counting_CNN/ball_data_collection/2_balls/metadata/20250621_183310_987632_metadata.json,20250621_183310_987632,2,3,2025-06-21T18:33:36.613370,2_balls,2_balls/metadata/20250621_183310_987632_metadata.json
scratch/Ball_counting_CNN/ball_data_collection/2_balls/metadata/20250621_190349_947896_metadata.json,20250621_190349_947896,2,3,2025-06-21T19:04:05.905738,2_balls,2_balls/metadata/20250621_190349_947896_metadata.json
scratch/Ball_counting_CNN/ball_data_collection/2_balls/metadata/20250621_215902_411043_metadata.json,20250621_215902_411043,2,3,2025-06-21T21:59:22.905153,2_balls,2_balls/metadata/20250621_215902_411043_metadata.json
scratch/Ball_counting_CNN/ball_data_collection/2_balls/metadata/20250621_175914_652308_metadata.json,20250621_175914_652308,2,3,2025-06-21T17:59:48.453939,2_balls,2_balls/metadata/20250621_175914_652308_metadata.json
scratch/Ball_counting_CNN/ball_data_collection/2_balls/metadata/20250621_210622_507316_metadata.json,20250621_210622_507316,2,3,2025-06-21T21:06:52.745027,2_balls,2_balls/metadata/20250621_210622_507316_metadata.json
scratch/Ball_counting_CNN/ball_data_collection/2_balls/metadata/20250621_182912_628500_metadata.json,20250621_182912_628500,2,3,2025-06-21T18:29:28.490404,2_balls,2_balls/metadata/20250621_182912_628500_metadata.json
scratch/Ball_counting_CNN/ball_data_collection/2_balls/metadata/20250621_180934_115624_metadata.json,20250621_180934_115624,2,3,2025-06-21T18:10:10.137713,2_balls,2_balls/metadata/20250621_180934_115624_metadata.json
scratch/Ball_counting_CNN/ball_data_collection/2_balls/metadata/20250621_212009_267459_metadata.json,20250621_212009_267459,2,3,2025-06-21T21:20:57.407725,2_balls,2_balls/metadata/20250621_212009_267459_metadata.json
scratch/Ball_counting_CNN/ball_data_collection/2_balls/metadata/20250621_185930_932669_metadata.json,20250621_185930_932669,2,3,2025-06-21T18:59:43.360797,2_balls,2_balls/metadata/20250621_185930_932669_metadata.json
scratch/Ball_counting_CNN/ball_data_collection/2_balls/metadata/20250621_183408_116281_metadata.json,20250621_183408_116281,2,3,2025-06-21T18:34:29.973306,2_balls,2_balls/metadata/20250621_183408_116281_metadata.json
scratch/Ball_counting_CNN/ball_data_collection/2_balls/metadata/20250621_185632_555936_metadata.json,20250621_185632_555936,2,3,2025-06-21T18:56:45.076037,2_balls,2_balls/metadata/20250621_185632_555936_metadata.json
scratch/Ball_counting_CNN/ball_data_collection/3_balls/metadata/20250622_144734_829162_metadata.json,20250622_144734_829162,3,4,2025-06-22T14:47:57.895655,3_balls,3_balls/metadata/20250622_144734_829162_metadata.json
scratch/Ball_counting_CNN/ball_data_collection/3_balls/metadata/20250622_141203_300464_metadata.json,20250622_141203_300464,3,4,2025-06-22T14:12:50.005532,3_balls,3_balls/metadata/20250622_141203_300464_metadata.json
scratch/Ball_counting_CNN/ball_data_collection/3_balls/metadata/20250622_142231_221269_metadata.json,20250622_142231_221269,3,4,2025-06-22T14:22:57.643539,3_balls,3_balls/metadata/20250622_142231_221269_metadata.json
scratch/Ball_counting_CNN/ball_data_collection/3_balls/metadata/20250622_152809_859041_metadata.json,20250622_152809_859041,3,4,2025-06-22T15:28:37.578596,3_balls,3_balls/metadata/20250622_152809_859041_metadata.json
scratch/Ball_counting_CNN/ball_data_collection/3_balls/metadata/20250622_165510_347311_metadata.json,20250622_165510_347311,3,4,2025-06-22T16:55:36.831905,3_balls,3_balls/metadata/20250622_165510_347311_metadata.json
scratch/Ball_counting_CNN/ball_data_collection/3_balls/metadata/20250622_152904_579513_metadata.json,20250622_152904_579513,3,4,2025-06-22T15:29:35.208502,3_balls,3_balls/metadata/20250622_152904_579513_metadata.json
scratch/Ball_counting_CNN/ball_data_collection/3_balls/metadata/20250622_164853_707657_metadata.json,20250622_164853_707657,3,4,2025-06-22T16:49:26.404850,3_balls,3_balls/metadata/20250622_164853_707657_metadata.json
scratch/Ball_counting_CNN/ball_data_collection/3_balls/metadata/20250622_141804_748641_metadata.json,20250622_141804_748641,3,4,2025-06-22T14:18:38.422604,3_balls,3_balls/metadata/20250622_141804_748641_metadata.json
scratch/Ball_counting_CNN/ball_data_collection/3_balls/metadata/20250622_141608_956285_metadata.json,20250622_141608_956285,3,4,2025-06-22T14:16:49.779648,3_balls,3_balls/metadata/20250622_141608_956285_metadata.json
scratch/Ball_counting_CNN/ball_data_collection/3_balls/metadata/20250622_141010_077054_metadata.json,20250622_141010_077054,3,4,2025-06-22T14:10:44.766514,3_balls,3_balls/metadata/20250622_141010_077054_metadata.json
scratch/Ball_counting_CNN/ball_data_collection/3_balls/metadata/20250622_162316_953495_metadata.json,20250622_162316_953495,3,4,2025-06-22T16:23:54.197720,3_balls,3_balls/metadata/20250622_162316_953495_metadata.json
scratch/Ball_counting_CNN/ball_data_collection/3_balls/metadata/20250622_145413_180823_metadata.json,20250622_145413_180823,3,4,2025-06-22T14:54:43.883298,3_balls,3_balls/metadata/20250622_145413_180823_metadata.json
scratch/Ball_counting_CNN/ball_data_collection/3_balls/metadata/20250622_165757_362646_metadata.json,20250622_165757_362646,3,4,2025-06-22T16:58:57.322867,3_balls,3_balls/metadata/20250622_165757_362646_metadata.json
scratch/Ball_counting_CNN/ball_data_collection/3_balls/metadata/20250622_142821_812306_metadata.json,20250622_142821_812306,3,4,2025-06-22T14:29:14.825632,3_balls,3_balls/metadata/20250622_142821_812306_metadata.json
scratch/Ball_counting_CNN/ball_data_collection/3_balls/metadata/20250622_143543_241974_metadata.json,20250622_143543_241974,3,4,2025-06-22T14:36:04.978579,3_balls,3_balls/metadata/20250622_143543_241974_metadata.json
scratch/Ball_counting_CNN/ball_data_collection/3_balls/metadata/20250622_163348_090988_metadata.json,20250622_163348_090988,3,4,2025-06-22T16:34:30.260733,3_balls,3_balls/metadata/20250622_163348_090988_metadata.json
scratch/Ball_counting_CNN/ball_data_collection/3_balls/metadata/20250622_151505_731559_metadata.json,20250622_151505_731559,3,4,2025-06-22T15:15:51.051542,3_balls,3_balls/metadata/20250622_151505_731559_metadata.json
scratch/Ball_counting_CNN/ball_data_collection/3_balls/metadata/20250622_162511_899840_metadata.json,20250622_162511_899840,3,4,2025-06-22T16:25:35.438801,3_balls,3_balls/metadata/20250622_162511_899840_metadata.json
scratch/Ball_counting_CNN/ball_data_collection/3_balls/metadata/20250622_152346_523307_metadata.json,20250622_152346_523307,3,4,2025-06-22T15:24:13.458521,3_balls,3_balls/metadata/20250622_152346_523307_metadata.json
scratch/Ball_counting_CNN/ball_data_collection/3_balls/metadata/20250622_142708_884200_metadata.json,20250622_142708_884200,3,4,2025-06-22T14:27:48.389667,3_balls,3_balls/metadata/20250622_142708_884200_metadata.json
scratch/Ball_counting_CNN/ball_data_collection/3_balls/metadata/20250622_150326_547583_metadata.json,20250622_150326_547583,3,4,2025-06-22T15:03:56.949498,3_balls,3_balls/metadata/20250622_150326_547583_metadata.json
scratch/Ball_counting_CNN/ball_data_collection/3_balls/metadata/20250622_160950_411914_metadata.json,20250622_160950_411914,3,4,2025-06-22T16:10:33.884623,3_balls,3_balls/metadata/20250622_160950_411914_metadata.json
scratch/Ball_counting_CNN/ball_data_collection/3_balls/metadata/20250622_144425_988388_metadata.json,20250622_144425_988388,3,4,2025-06-22T14:45:08.413534,3_balls,3_balls/metadata/20250622_144425_988388_metadata.json
scratch/Ball_counting_CNN/ball_data_collection/3_balls/metadata/20250622_150550_675752_metadata.json,20250622_150550_675752,3,4,2025-06-22T15:06:22.382464,3_balls,3_balls/metadata/20250622_150550_675752_metadata.json
scratch/Ball_counting_CNN/ball_data_collection/3_balls/metadata/20250622_145114_052682_metadata.json,20250622_145114_052682,3,4,2025-06-22T14:51:41.970629,3_balls,3_balls/metadata/20250622_145114_052682_metadata.json
scratch/Ball_counting_CNN/ball_data_collection/3_balls/metadata/20250622_154553_840692_metadata.json,20250622_154553_840692,3,4,2025-06-22T15:46:28.767729,3_balls,3_balls/metadata/20250622_154553_840692_metadata.json
scratch/Ball_counting_CNN/ball_data_collection/3_balls/metadata/20250622_143412_899640_metadata.json,20250622_143412_899640,3,4,2025-06-22T14:34:45.614669,3_balls,3_balls/metadata/20250622_143412_899640_metadata.json
scratch/Ball_counting_CNN/ball_data_collection/3_balls/metadata/20250622_160855_076143_metadata.json,20250622_160855_076143,3,4,2025-06-22T16:09:19.796578,3_balls,3_balls/metadata/20250622_160855_076143_metadata.json
scratch/Ball_counting_CNN/ball_data_collection/3_balls/metadata/20250622_152704_860231_metadata.json,20250622_152704_860231,3,4,2025-06-22T15:27:37.775566,3_balls,3_balls/metadata/20250622_152704_860231_metadata.json
scratch/Ball_counting_CNN/ball_data_collection/3_balls/metadata/20250622_150131_684671_metadata.json,20250622_150131_684671,3,4,2025-06-22T15:02:01.987495,3_balls,3_balls/metadata/20250622_150131_684671_metadata.json
scratch/Ball_counting_CNN/ball_data_collection/3_balls/metadata/20250622_141512_059732_metadata.json,20250622_141512_059732,3,4,2025-06-22T14:15:48.585445,3_balls,3_balls/metadata/20250622_141512_059732_metadata.json
scratch/Ball_counting_CNN/ball_data_collection/3_balls/metadata/20250622_165553_898936_metadata.json,20250622_165553_898936,3,4,2025-06-22T16:56:30.297900,3_balls,3_balls/metadata/20250622_165553_898936_metadata.json
scratch/Ball_counting_CNN/ball_data_collection/3_balls/metadata/20250622_163014_011702_metadata.json,20250622_163014_011702,3,4,2025-06-22T16:30:51.363617,3_balls,3_balls/metadata/20250622_163014_011702_metadata.json
scratch/Ball_counting_CNN/ball_data_collection/3_balls/metadata/20250622_155755_675362_metadata.json,20250622_155755_675362,3,4,2025-06-22T15:58:39.244911,3_balls,3_balls/metadata/20250622_155755_675362_metadata.json
scratch/Ball_counting_CNN/ball_data_collection/3_balls/metadata/20250622_155644_371956_metadata.json,20250622_155644_371956,3,4,2025-06-22T15:57:20.112788,3_balls,3_balls/metadata/20250622_155644_371956_metadata.json
scratch/Ball_counting_CNN/ball_data_collection/3_balls/metadata/20250622_141711_980015_metadata.json,20250622_141711_980015,3,4,2025-06-22T14:17:42.306582,3_balls,3_balls/metadata/20250622_141711_980015_metadata.json
scratch/Ball_counting_CNN/ball_data_collection/3_balls/metadata/20250622_140924_468690_metadata.json,20250622_140924_468690,3,4,2025-06-22T14:09:59.544463,3_balls,3_balls/metadata/20250622_140924_468690_metadata.json
scratch/Ball_counting_CNN/ball_data_collection/3_balls/metadata/20250622_164137_531421_metadata.json,20250622_164137_531421,3,4,2025-06-22T16:42:06.861849,3_balls,3_balls/metadata/20250622_164137_531421_metadata.json
scratch/Ball_counting_CNN/ball_data_collection/3_balls/metadata/20250621_221412_481123_metadata.json,20250621_221412_481123,3,4,2025-06-21T22:14:37.647812,3_balls,3_balls/metadata/20250621_221412_481123_metadata.json
scratch/Ball_counting_CNN/ball_data_collection/3_balls/metadata/20250622_160749_707833_metadata.json,20250622_160749_707833,3,4,2025-06-22T16:08:27.014904,3_balls,3_balls/metadata/20250622_160749_707833_metadata.json
scratch/Ball_counting_CNN/ball_data_collection/3_balls/metadata/20250622_141313_588276_metadata.json,20250622_141313_588276,3,4,2025-06-22T14:13:39.960433,3_balls,3_balls/metadata/20250622_141313_588276_metadata.json
scratch/Ball_counting_CNN/ball_data_collection/3_balls/metadata/20250622_154705_180289_metadata.json,20250622_154705_180289,3,4,2025-06-22T15:47:33.171734,3_balls,3_balls/metadata/20250622_154705_180289_metadata.json
scratch/Ball_counting_CNN/ball_data_collection/3_balls/metadata/20250622_151233_139613_metadata.json,20250622_151233_139613,3,4,2025-06-22T15:13:14.963455,3_balls,3_balls/metadata/20250622_151233_139613_metadata.json
scratch/Ball_counting_CNN/ball_data_collection/3_balls/metadata/20250622_165325_842687_metadata.json,20250622_165325_842687,3,4,2025-06-22T16:54:04.476999,3_balls,3_balls/metadata/20250622_165325_842687_metadata.json
scratch/Ball_counting_CNN/ball_data_collection/3_balls/metadata/20250622_155004_099831_metadata.json,20250622_155004_099831,3,4,2025-06-22T15:50:30.713783,3_balls,3_balls/metadata/20250622_155004_099831_metadata.json
scratch/Ball_counting_CNN/ball_data_collection/3_balls/metadata/20250622_153200_409627_metadata.json,20250622_153200_409627,3,4,2025-06-22T15:32:46.497591,3_balls,3_balls/metadata/20250622_153200_409627_metadata.json
scratch/Ball_counting_CNN/ball_data_collection/3_balls/metadata/20250622_162832_946121_metadata.json,20250622_162832_946121,3,4,2025-06-22T16:29:11.838654,3_balls,3_balls/metadata/20250622_162832_946121_metadata.json
scratch/Ball_counting_CNN/ball_data_collection/3_balls/metadata/20250622_164458_883743_metadata.json,20250622_164458_883743,3,4,2025-06-22T16:45:28.165848,3_balls,3_balls/metadata/20250622_164458_883743_metadata.json
scratch/Ball_counting_CNN/ball_data_collection/3_balls/metadata/20250622_145309_124644_metadata.json,20250622_145309_124644,3,4,2025-06-22T14:53:44.349387,3_balls,3_balls/metadata/20250622_145309_124644_metadata.json
scratch/Ball_counting_CNN/ball_data_collection/3_balls/metadata/20250622_144530_579437_metadata.json,20250622_144530_579437,3,4,2025-06-22T14:45:58.696754,3_balls,3_balls/metadata/20250622_144530_579437_metadata.json
scratch/Ball_counting_CNN/ball_data_collection/3_balls/metadata/20250622_141954_196174_metadata.json,20250622_141954_196174,3,4,2025-06-22T14:20:30.263563,3_balls,3_balls/metadata/20250622_141954_196174_metadata.json
scratch/Ball_counting_CNN/ball_data_collection/3_balls/metadata/20250622_154416_763385_metadata.json,20250622_154416_763385,3,4,2025-06-22T15:45:05.766871,3_balls,3_balls/metadata/20250622_154416_763385_metadata.json
scratch/Ball_counting_CNN/ball_data_collection/3_balls/metadata/20250622_153318_012910_metadata.json,20250622_153318_012910,3,4,2025-06-22T15:34:12.208824,3_balls,3_balls/metadata/20250622_153318_012910_metadata.json
scratch/Ball_counting_CNN/ball_data_collection/3_balls/metadata/20250622_155049_372003_metadata.json,20250622_155049_372003,3,4,2025-06-22T15:51:51.441805,3_balls,3_balls/metadata/20250622_155049_372003_metadata.json
scratch/Ball_counting_CNN/ball_data_collection/3_balls/metadata/20250622_152200_986872_metadata.json,20250622_152200_986872,3,4,2025-06-22T15:22:47.605519,3_balls,3_balls/metadata/20250622_152200_986872_metadata.json
scratch/Ball_counting_CNN/ball_data_collection/3_balls/metadata/20250622_141104_437296_metadata.json,20250622_141104_437296,3,4,2025-06-22T14:11:47.802393,3_balls,3_balls/metadata/20250622_141104_437296_metadata.json
scratch/Ball_counting_CNN/ball_data_collection/3_balls/metadata/20250622_164046_481463_metadata.json,20250622_164046_481463,3,4,2025-06-22T16:41:15.942833,3_balls,3_balls/metadata/20250622_164046_481463_metadata.json
scratch/Ball_counting_CNN/ball_data_collection/3_balls/metadata/20250622_162548_667616_metadata.json,20250622_162548_667616,3,4,2025-06-22T16:26:25.179639,3_balls,3_balls/metadata/20250622_162548_667616_metadata.json
scratch/Ball_counting_CNN/ball_data_collection/3_balls/metadata/20250622_152027_155542_metadata.json,20250622_152027_155542,3,4,2025-06-22T15:20:50.411545,3_balls,3_balls/metadata/20250622_152027_155542_metadata.json
scratch/Ball_counting_CNN/ball_data_collection/3_balls/metadata/20250622_162645_196346_metadata.json,20250622_162645_196346,3,4,2025-06-22T16:27:20.332656,3_balls,3_balls/metadata/20250622_162645_196346_metadata.json
scratch/Ball_counting_CNN/ball_data_collection/3_balls/metadata/20250622_163120_682825_metadata.json,20250622_163120_682825,3,4,2025-06-22T16:32:03.692615,3_balls,3_balls/metadata/20250622_163120_682825_metadata.json
scratch/Ball_counting_CNN/ball_data_collection/3_balls/metadata/20250622_153853_755800_metadata.json,20250622_153853_755800,3,4,2025-06-22T15:39:23.061797,3_balls,3_balls/metadata/20250622_153853_755800_metadata.json
scratch/Ball_counting_CNN/ball_data_collection/3_balls/metadata/20250622_145001_476298_metadata.json,20250622_145001_476298,3,4,2025-06-22T14:50:44.844543,3_balls,3_balls/metadata/20250622_145001_476298_metadata.json
scratch/Ball_counting_CNN/ball_data_collection/3_balls/metadata/20250622_155506_387340_metadata.json,20250622_155506_387340,3,4,2025-06-22T15:55:45.332799,3_balls,3_balls/metadata/20250622_155506_387340_metadata.json
scratch/Ball_counting_CNN/ball_data_collection/3_balls/metadata/20250622_143148_563401_metadata.json,20250622_143148_563401,3,4,2025-06-22T14:32:29.672740,3_balls,3_balls/metadata/20250622_143148_563401_metadata.json
scratch/Ball_counting_CNN/ball_data_collection/3_balls/metadata/20250622_164232_043502_metadata.json,20250622_164232_043502,3,4,2025-06-22T16:43:11.611017,3_balls,3_balls/metadata/20250622_164232_043502_metadata.json
scratch/Ball_counting_CNN/ball_data_collection/3_balls/metadata/20250622_153807_579204_metadata.json,20250622_153807_579204,3,4,2025-06-22T15:38:29.423791,3_balls,3_balls/metadata/20250622_153807_579204_metadata.json
scratch/Ball_counting_CNN/ball_data_collection/3_balls/metadata/20250622_162738_019602_metadata.json,20250622_162738_019602,3,4,2025-06-22T16:28:13.180664,3_balls,3_balls/metadata/20250622_162738_019602_metadata.json
scratch/Ball_counting_CNN/ball_data_collection/3_balls/metadata/20250622_154329_140098_metadata.json,20250622_154329_140098,3,4,2025-06-22T15:44:09.104720,3_balls,3_balls/metadata/20250622_154329_140098_metadata.json
scratch/Ball_counting_CNN/ball_data_collection/3_balls/metadata/20250622_160109_948256_metadata.json,20250622_160109_948256,3,4,2025-06-22T16:01:36.550729,3_balls,3_balls/metadata/20250622_160109_948256_metadata.json
scratch/Ball_counting_CNN/ball_data_collection/3_balls/metadata/20250622_151147_323893_metadata.json,20250622_151147_323893,3,4,2025-06-22T15:12:14.087519,3_balls,3_balls/metadata/20250622_151147_323893_metadata.json
scratch/Ball_counting_CNN/ball_data_collection/3_balls/metadata/20250622_143711_084461_metadata.json,20250622_143711_084461,3,4,2025-06-22T14:37:49.417762,3_balls,3_balls/metadata/20250622_143711_084461_metadata.json
scratch/Ball_counting_CNN/ball_data_collection/3_balls/metadata/20250622_151852_500004_metadata.json,20250622_151852_500004,3,4,2025-06-22T15:19:20.660504,3_balls,3_balls/metadata/20250622_151852_500004_metadata.json
scratch/Ball_counting_CNN/ball_data_collection/3_balls/metadata/20250622_160256_620267_metadata.json,20250622_160256_620267,3,4,2025-06-22T16:03:40.001765,3_balls,3_balls/metadata/20250622_160256_620267_metadata.json
scratch/Ball_counting_CNN/ball_data_collection/3_balls/metadata/20250622_145909_812609_metadata.json,20250622_145909_812609,3,4,2025-06-22T14:59:48.073347,3_balls,3_balls/metadata/20250622_145909_812609_metadata.json
scratch/Ball_counting_CNN/ball_data_collection/3_balls/metadata/20250622_143856_728185_metadata.json,20250622_143856_728185,3,4,2025-06-22T14:39:39.805546,3_balls,3_balls/metadata/20250622_143856_728185_metadata.json
scratch/Ball_counting_CNN/ball_data_collection/3_balls/metadata/20250622_165650_115619_metadata.json,20250622_165650_115619,3,4,2025-06-22T16:57:26.494288,3_balls,3_balls/metadata/20250622_165650_115619_metadata.json
scratch/Ball_counting_CNN/ball_data_collection/3_balls/metadata/20250622_141404_475874_metadata.json,20250622_141404_475874,3,4,2025-06-22T14:14:58.361489,3_balls,3_balls/metadata/20250622_141404_475874_metadata.json
scratch/Ball_counting_CNN/ball_data_collection/3_balls/metadata/20250622_142940_564029_metadata.json,20250622_142940_564029,3,4,2025-06-22T14:30:25.224639,3_balls,3_balls/metadata/20250622_142940_564029_metadata.json
scratch/Ball_counting_CNN/ball_data_collection/3_balls/metadata/20250622_165137_690333_metadata.json,20250622_165137_690333,3,4,2025-06-22T16:52:13.773946,3_balls,3_balls/metadata/20250622_165137_690333_metadata.json
scratch/Ball_counting_CNN/ball_data_collection/3_balls/metadata/20250622_154126_369289_metadata.json,20250622_154126_369289,3,4,2025-06-22T15:41:46.285781,3_balls,3_balls/metadata/20250622_154126_369289_metadata.json
scratch/Ball_counting_CNN/ball_data_collection/3_balls/metadata/20250622_142400_652874_metadata.json,20250622_142400_652874,3,4,2025-06-22T14:24:51.009623,3_balls,3_balls/metadata/20250622_142400_652874_metadata.json
scratch/Ball_counting_CNN/ball_data_collection/3_balls/metadata/20250622_140814_020479_metadata.json,20250622_140814_020479,3,4,2025-06-22T14:08:53.798383,3_balls,3_balls/metadata/20250622_140814_020479_metadata.json
scratch/Ball_counting_CNN/ball_data_collection/3_balls/metadata/20250622_164338_227597_metadata.json,20250622_164338_227597,3,4,2025-06-22T16:44:23.792829,3_balls,3_balls/metadata/20250622_164338_227597_metadata.json
scratch/Ball_counting_CNN/ball_data_collection/3_balls/metadata/20250622_143620_604370_metadata.json,20250622_143620_604370,3,4,2025-06-22T14:36:50.802534,3_balls,3_balls/metadata/20250622_143620_604370_metadata.json
scratch/Ball_counting_CNN/ball_data_collection/3_balls/metadata/20250622_145159_220505_metadata.json,20250622_145159_220505,3,4,2025-06-22T14:52:49.486409,3_balls,3_balls/metadata/20250622_145159_220505_metadata.json
scratch/Ball_counting_CNN/ball_data_collection/3_balls/metadata/20250622_153651_427503_metadata.json,20250622_153651_427503,3,4,2025-06-22T15:37:31.024821,3_balls,3_balls/metadata/20250622_153651_427503_metadata.json
scratch/Ball_counting_CNN/ball_data_collection/3_balls/metadata/20250622_153932_132025_metadata.json,20250622_153932_132025,3,4,2025-06-22T15:39:58.830830,3_balls,3_balls/metadata/20250622_153932_132025_metadata.json
scratch/Ball_counting_CNN/ball_data_collection/3_balls/metadata/20250622_153453_551868_metadata.json,20250622_153453_551868,3,4,2025-06-22T15:35:42.634763,3_balls,3_balls/metadata/20250622_153453_551868_metadata.json
scratch/Ball_counting_CNN/ball_data_collection/3_balls/metadata/20250622_161158_970038_metadata.json,20250622_161158_970038,3,4,2025-06-22T16:12:32.815610,3_balls,3_balls/metadata/20250622_161158_970038_metadata.json
scratch/Ball_counting_CNN/ball_data_collection/3_balls/metadata/20250622_155309_665137_metadata.json,20250622_155309_665137,3,4,2025-06-22T15:53:44.825746,3_balls,3_balls/metadata/20250622_155309_665137_metadata.json
scratch/Ball_counting_CNN/ball_data_collection/3_balls/metadata/20250622_163219_947076_metadata.json,20250622_163219_947076,3,4,2025-06-22T16:32:57.308761,3_balls,3_balls/metadata/20250622_163219_947076_metadata.json
scratch/Ball_counting_CNN/ball_data_collection/3_balls/metadata/20250622_151803_724090_metadata.json,20250622_151803_724090,3,4,2025-06-22T15:18:39.994589,3_balls,3_balls/metadata/20250622_151803_724090_metadata.json
scratch/Ball_counting_CNN/ball_data_collection/3_balls/metadata/20250622_142541_068202_metadata.json,20250622_142541_068202,3,4,2025-06-22T14:26:38.468667,3_balls,3_balls/metadata/20250622_142541_068202_metadata.json
scratch/Ball_counting_CNN/ball_data_collection/3_balls/metadata/20250622_154236_451653_metadata.json,20250622_154236_451653,3,4,2025-06-22T15:43:18.237879,3_balls,3_balls/metadata/20250622_154236_451653_metadata.json
scratch/Ball_counting_CNN/ball_data_collection/3_balls/metadata/20250622_144854_019481_metadata.json,20250622_144854_019481,3,4,2025-06-22T14:49:20.375608,3_balls,3_balls/metadata/20250622_144854_019481_metadata.json
scratch/Ball_counting_CNN/ball_data_collection/3_balls/metadata/20250622_144109_737026_metadata.json,20250622_144109_737026,3,4,2025-06-22T14:41:53.027671,3_balls,3_balls/metadata/20250622_144109_737026_metadata.json
scratch/Ball_counting_CNN/ball_data_collection/3_balls/metadata/20250622_163309_244099_metadata.json,20250622_163309_244099,3,4,2025-06-22T16:33:35.952676,3_balls,3_balls/metadata/20250622_163309_244099_metadata.json
scratch/Ball_counting_CNN/ball_data_collection/3_balls/metadata/20250622_152954_939792_metadata.json,20250622_152954_939792,3,4,2025-06-22T15:30:45.647648,3_balls,3_balls/metadata/20250622_152954_939792_metadata.json
scratch/Ball_counting_CNN/ball_data_collection/3_balls/metadata/20250622_162422_940495_metadata.json,20250622_162422_940495,3,4,2025-06-22T16:24:50.902633,3_balls,3_balls/metadata/20250622_162422_940495_metadata.json
scratch/Ball_counting_CNN/ball_data_collection/3_balls/metadata/20250622_162221_380518_metadata.json,20250622_162221_380518,3,4,2025-06-22T16:23:00.849623,3_balls,3_balls/metadata/20250622_162221_380518_metadata.json
scratch/Ball_counting_CNN/ball_data_collection/3_balls/metadata/20250622_165422_427755_metadata.json,20250622_165422_427755,3,4,2025-06-22T16:54:48.018883,3_balls,3_balls/metadata/20250622_165422_427755_metadata.json
scratch/Ball_counting_CNN/ball_data_collection/3_balls/metadata/20250622_145812_228926_metadata.json,20250622_145812_228926,3,4,2025-06-22T14:58:55.579360,3_balls,3_balls/metadata/20250622_145812_228926_metadata.json
scratch/Ball_counting_CNN/ball_data_collection/3_balls/metadata/20250622_144323_988388_metadata.json,20250622_144323_988388,3,4,2025-06-22T14:43:58.970524,3_balls,3_balls/metadata/20250622_144323_988388_metadata.json
scratch/Ball_counting_CNN/ball_data_collection/3_balls/metadata/20250622_162923_779265_metadata.json,20250622_162923_779265,3,4,2025-06-22T16:30:02.649680,3_balls,3_balls/metadata/20250622_162923_779265_metadata.json
scratch/Ball_counting_CNN/ball_data_collection/3_balls/metadata/20250622_163515_701935_metadata.json,20250622_163515_701935,3,4,2025-06-22T16:35:47.319009,3_balls,3_balls/metadata/20250622_163515_701935_metadata.json
scratch/Ball_counting_CNN/ball_data_collection/3_balls/metadata/20250622_141857_292516_metadata.json,20250622_141857_292516,3,4,2025-06-22T14:19:32.363627,3_balls,3_balls/metadata/20250622_141857_292516_metadata.json
scratch/Ball_counting_CNN/ball_data_collection/4_balls/metadata/20250622_192909_714966_metadata.json,20250622_192909_714966,4,5,2025-06-22T19:30:06.038156,4_balls,4_balls/metadata/20250622_192909_714966_metadata.json
scratch/Ball_counting_CNN/ball_data_collection/4_balls/metadata/20250622_182536_218864_metadata.json,20250622_182536_218864,4,5,2025-06-22T18:26:20.910311,4_balls,4_balls/metadata/20250622_182536_218864_metadata.json
scratch/Ball_counting_CNN/ball_data_collection/4_balls/metadata/20250622_170009_607805_metadata.json,20250622_170009_607805,4,5,2025-06-22T17:00:50.713059,4_balls,4_balls/metadata/20250622_170009_607805_metadata.json
scratch/Ball_counting_CNN/ball_data_collection/4_balls/metadata/20250622_170902_819777_metadata.json,20250622_170902_819777,4,5,2025-06-22T17:09:49.793984,4_balls,4_balls/metadata/20250622_170902_819777_metadata.json
scratch/Ball_counting_CNN/ball_data_collection/4_balls/metadata/20250622_174653_482393_metadata.json,20250622_174653_482393,4,5,2025-06-22T17:47:33.402017,4_balls,4_balls/metadata/20250622_174653_482393_metadata.json
scratch/Ball_counting_CNN/ball_data_collection/4_balls/metadata/20250622_175757_442729_metadata.json,20250622_175757_442729,4,5,2025-06-22T17:58:46.241086,4_balls,4_balls/metadata/20250622_175757_442729_metadata.json
scratch/Ball_counting_CNN/ball_data_collection/4_balls/metadata/20250622_182053_483738_metadata.json,20250622_182053_483738,4,5,2025-06-22T18:21:35.795299,4_balls,4_balls/metadata/20250622_182053_483738_metadata.json
scratch/Ball_counting_CNN/ball_data_collection/4_balls/metadata/20250622_185818_147884_metadata.json,20250622_185818_147884,4,5,2025-06-22T18:59:00.644999,4_balls,4_balls/metadata/20250622_185818_147884_metadata.json
scratch/Ball_counting_CNN/ball_data_collection/4_balls/metadata/20250622_170627_819177_metadata.json,20250622_170627_819177,4,5,2025-06-22T17:07:18.324952,4_balls,4_balls/metadata/20250622_170627_819177_metadata.json
scratch/Ball_counting_CNN/ball_data_collection/4_balls/metadata/20250622_184827_611198_metadata.json,20250622_184827_611198,4,5,2025-06-22T18:49:12.733621,4_balls,4_balls/metadata/20250622_184827_611198_metadata.json
scratch/Ball_counting_CNN/ball_data_collection/4_balls/metadata/20250622_183601_930866_metadata.json,20250622_183601_930866,4,5,2025-06-22T18:36:47.466501,4_balls,4_balls/metadata/20250622_183601_930866_metadata.json
scratch/Ball_counting_CNN/ball_data_collection/4_balls/metadata/20250622_170225_580538_metadata.json,20250622_170225_580538,4,5,2025-06-22T17:03:08.396893,4_balls,4_balls/metadata/20250622_170225_580538_metadata.json
scratch/Ball_counting_CNN/ball_data_collection/4_balls/metadata/20250622_184117_835179_metadata.json,20250622_184117_835179,4,5,2025-06-22T18:42:22.388582,4_balls,4_balls/metadata/20250622_184117_835179_metadata.json
scratch/Ball_counting_CNN/ball_data_collection/4_balls/metadata/20250622_182746_745732_metadata.json,20250622_182746_745732,4,5,2025-06-22T18:28:28.911340,4_balls,4_balls/metadata/20250622_182746_745732_metadata.json
scratch/Ball_counting_CNN/ball_data_collection/4_balls/metadata/20250622_180742_475022_metadata.json,20250622_180742_475022,4,5,2025-06-22T18:08:38.906304,4_balls,4_balls/metadata/20250622_180742_475022_metadata.json
scratch/Ball_counting_CNN/ball_data_collection/4_balls/metadata/20250622_175636_746708_metadata.json,20250622_175636_746708,4,5,2025-06-22T17:57:18.094281,4_balls,4_balls/metadata/20250622_175636_746708_metadata.json
scratch/Ball_counting_CNN/ball_data_collection/4_balls/metadata/20250622_173058_561354_metadata.json,20250622_173058_561354,4,5,2025-06-22T17:31:44.628022,4_balls,4_balls/metadata/20250622_173058_561354_metadata.json
scratch/Ball_counting_CNN/ball_data_collection/4_balls/metadata/20250622_175533_659087_metadata.json,20250622_175533_659087,4,5,2025-06-22T17:56:21.012091,4_balls,4_balls/metadata/20250622_175533_659087_metadata.json
scratch/Ball_counting_CNN/ball_data_collection/4_balls/metadata/20250622_175216_099693_metadata.json,20250622_175216_099693,4,5,2025-06-22T17:52:51.446065,4_balls,4_balls/metadata/20250622_175216_099693_metadata.json
scratch/Ball_counting_CNN/ball_data_collection/4_balls/metadata/20250622_191838_811521_metadata.json,20250622_191838_811521,4,5,2025-06-22T19:19:25.855122,4_balls,4_balls/metadata/20250622_191838_811521_metadata.json
scratch/Ball_counting_CNN/ball_data_collection/4_balls/metadata/20250622_171319_217720_metadata.json,20250622_171319_217720,4,5,2025-06-22T17:14:00.512869,4_balls,4_balls/metadata/20250622_171319_217720_metadata.json
scratch/Ball_counting_CNN/ball_data_collection/4_balls/metadata/20250622_174259_380087_metadata.json,20250622_174259_380087,4,5,2025-06-22T17:44:13.964949,4_balls,4_balls/metadata/20250622_174259_380087_metadata.json
scratch/Ball_counting_CNN/ball_data_collection/4_balls/metadata/20250622_190742_442663_metadata.json,20250622_190742_442663,4,5,2025-06-22T19:08:18.878990,4_balls,4_balls/metadata/20250622_190742_442663_metadata.json
scratch/Ball_counting_CNN/ball_data_collection/4_balls/metadata/20250622_190018_227329_metadata.json,20250622_190018_227329,4,5,2025-06-22T19:01:07.392934,4_balls,4_balls/metadata/20250622_190018_227329_metadata.json
scratch/Ball_counting_CNN/ball_data_collection/4_balls/metadata/20250622_172608_619496_metadata.json,20250622_172608_619496,4,5,2025-06-22T17:26:59.631865,4_balls,4_balls/metadata/20250622_172608_619496_metadata.json
scratch/Ball_counting_CNN/ball_data_collection/4_balls/metadata/20250622_191437_586977_metadata.json,20250622_191437_586977,4,5,2025-06-22T19:15:21.997800,4_balls,4_balls/metadata/20250622_191437_586977_metadata.json
scratch/Ball_counting_CNN/ball_data_collection/4_balls/metadata/20250622_180632_660480_metadata.json,20250622_180632_660480,4,5,2025-06-22T18:07:14.518265,4_balls,4_balls/metadata/20250622_180632_660480_metadata.json
scratch/Ball_counting_CNN/ball_data_collection/4_balls/metadata/20250622_181759_106643_metadata.json,20250622_181759_106643,4,5,2025-06-22T18:18:43.878294,4_balls,4_balls/metadata/20250622_181759_106643_metadata.json
scratch/Ball_counting_CNN/ball_data_collection/4_balls/metadata/20250622_171144_490245_metadata.json,20250622_171144_490245,4,5,2025-06-22T17:12:33.021881,4_balls,4_balls/metadata/20250622_171144_490245_metadata.json
scratch/Ball_counting_CNN/ball_data_collection/4_balls/metadata/20250622_174428_659971_metadata.json,20250622_174428_659971,4,5,2025-06-22T17:45:14.720059,4_balls,4_balls/metadata/20250622_174428_659971_metadata.json
scratch/Ball_counting_CNN/ball_data_collection/4_balls/metadata/20250622_192057_275353_metadata.json,20250622_192057_275353,4,5,2025-06-22T19:21:48.949939,4_balls,4_balls/metadata/20250622_192057_275353_metadata.json
scratch/Ball_counting_CNN/ball_data_collection/4_balls/metadata/20250622_190146_586992_metadata.json,20250622_190146_586992,4,5,2025-06-22T19:02:37.242897,4_balls,4_balls/metadata/20250622_190146_586992_metadata.json
scratch/Ball_counting_CNN/ball_data_collection/4_balls/metadata/20250622_184250_675204_metadata.json,20250622_184250_675204,4,5,2025-06-22T18:43:36.458537,4_balls,4_balls/metadata/20250622_184250_675204_metadata.json
scratch/Ball_counting_CNN/ball_data_collection/4_balls/metadata/20250622_192803_979215_metadata.json,20250622_192803_979215,4,5,2025-06-22T19:28:52.168077,4_balls,4_balls/metadata/20250622_192803_979215_metadata.json
scratch/Ball_counting_CNN/ball_data_collection/4_balls/metadata/20250622_185547_116792_metadata.json,20250622_185547_116792,4,5,2025-06-22T18:56:36.901799,4_balls,4_balls/metadata/20250622_185547_116792_metadata.json
scratch/Ball_counting_CNN/ball_data_collection/4_balls/metadata/20250622_191323_097298_metadata.json,20250622_191323_097298,4,5,2025-06-22T19:14:22.055940,4_balls,4_balls/metadata/20250622_191323_097298_metadata.json
scratch/Ball_counting_CNN/ball_data_collection/4_balls/metadata/20250622_170324_044672_metadata.json,20250622_170324_044672,4,5,2025-06-22T17:04:08.356877,4_balls,4_balls/metadata/20250622_170324_044672_metadata.json
scratch/Ball_counting_CNN/ball_data_collection/4_balls/metadata/20250622_181511_659028_metadata.json,20250622_181511_659028,4,5,2025-06-22T18:16:09.007241,4_balls,4_balls/metadata/20250622_181511_659028_metadata.json
scratch/Ball_counting_CNN/ball_data_collection/4_balls/metadata/20250622_185911_179292_metadata.json,20250622_185911_179292,4,5,2025-06-22T18:59:59.435750,4_balls,4_balls/metadata/20250622_185911_179292_metadata.json
scratch/Ball_counting_CNN/ball_data_collection/4_balls/metadata/20250622_180501_854044_metadata.json,20250622_180501_854044,4,5,2025-06-22T18:05:50.041200,4_balls,4_balls/metadata/20250622_180501_854044_metadata.json
scratch/Ball_counting_CNN/ball_data_collection/4_balls/metadata/20250622_171024_580271_metadata.json,20250622_171024_580271,4,5,2025-06-22T17:10:53.081943,4_balls,4_balls/metadata/20250622_171024_580271_metadata.json
scratch/Ball_counting_CNN/ball_data_collection/4_balls/metadata/20250622_184926_114790_metadata.json,20250622_184926_114790,4,5,2025-06-22T18:50:30.581686,4_balls,4_balls/metadata/20250622_184926_114790_metadata.json
scratch/Ball_counting_CNN/ball_data_collection/4_balls/metadata/20250622_171426_123947_metadata.json,20250622_171426_123947,4,5,2025-06-22T17:15:20.268990,4_balls,4_balls/metadata/20250622_171426_123947_metadata.json
scratch/Ball_counting_CNN/ball_data_collection/4_balls/metadata/20250622_184605_531436_metadata.json,20250622_184605_531436,4,5,2025-06-22T18:46:50.800579,4_balls,4_balls/metadata/20250622_184605_531436_metadata.json
scratch/Ball_counting_CNN/ball_data_collection/4_balls/metadata/20250622_191701_627609_metadata.json,20250622_191701_627609,4,5,2025-06-22T19:18:19.366878,4_balls,4_balls/metadata/20250622_191701_627609_metadata.json
scratch/Ball_counting_CNN/ball_data_collection/4_balls/metadata/20250622_190625_972734_metadata.json,20250622_190625_972734,4,5,2025-06-22T19:07:31.429832,4_balls,4_balls/metadata/20250622_190625_972734_metadata.json
scratch/Ball_counting_CNN/ball_data_collection/4_balls/metadata/20250622_182957_074445_metadata.json,20250622_182957_074445,4,5,2025-06-22T18:30:42.184456,4_balls,4_balls/metadata/20250622_182957_074445_metadata.json
scratch/Ball_counting_CNN/ball_data_collection/4_balls/metadata/20250622_192647_144710_metadata.json,20250622_192647_144710,4,5,2025-06-22T19:27:16.154132,4_balls,4_balls/metadata/20250622_192647_144710_metadata.json
scratch/Ball_counting_CNN/ball_data_collection/4_balls/metadata/20250622_175859_866859_metadata.json,20250622_175859_866859,4,5,2025-06-22T17:59:45.904096,4_balls,4_balls/metadata/20250622_175859_866859_metadata.json
scratch/Ball_counting_CNN/ball_data_collection/4_balls/metadata/20250622_185708_084103_metadata.json,20250622_185708_084103,4,5,2025-06-22T18:57:52.637882,4_balls,4_balls/metadata/20250622_185708_084103_metadata.json
scratch/Ball_counting_CNN/ball_data_collection/4_balls/metadata/20250622_171720_367731_metadata.json,20250622_171720_367731,4,5,2025-06-22T17:18:09.754819,4_balls,4_balls/metadata/20250622_171720_367731_metadata.json
scratch/Ball_counting_CNN/ball_data_collection/4_balls/metadata/20250622_191954_419134_metadata.json,20250622_191954_419134,4,5,2025-06-22T19:20:35.516790,4_balls,4_balls/metadata/20250622_191954_419134_metadata.json
scratch/Ball_counting_CNN/ball_data_collection/4_balls/metadata/20250622_182848_570917_metadata.json,20250622_182848_570917,4,5,2025-06-22T18:29:30.993354,4_balls,4_balls/metadata/20250622_182848_570917_metadata.json
scratch/Ball_counting_CNN/ball_data_collection/4_balls/metadata/20250622_174922_843405_metadata.json,20250622_174922_843405,4,5,2025-06-22T17:50:03.505107,4_balls,4_balls/metadata/20250622_174922_843405_metadata.json
scratch/Ball_counting_CNN/ball_data_collection/4_balls/metadata/20250622_183858_211541_metadata.json,20250622_183858_211541,4,5,2025-06-22T18:39:51.266752,4_balls,4_balls/metadata/20250622_183858_211541_metadata.json
scratch/Ball_counting_CNN/ball_data_collection/4_balls/metadata/20250622_172909_332134_metadata.json,20250622_172909_332134,4,5,2025-06-22T17:30:06.212870,4_balls,4_balls/metadata/20250622_172909_332134_metadata.json
scratch/Ball_counting_CNN/ball_data_collection/4_balls/metadata/20250622_174018_075541_metadata.json,20250622_174018_075541,4,5,2025-06-22T17:40:57.374885,4_balls,4_balls/metadata/20250622_174018_075541_metadata.json
scratch/Ball_counting_CNN/ball_data_collection/4_balls/metadata/20250622_172028_427404_metadata.json,20250622_172028_427404,4,5,2025-06-22T17:21:10.981916,4_balls,4_balls/metadata/20250622_172028_427404_metadata.json
scratch/Ball_counting_CNN/ball_data_collection/4_balls/metadata/20250622_190301_907745_metadata.json,20250622_190301_907745,4,5,2025-06-22T19:04:15.932890,4_balls,4_balls/metadata/20250622_190301_907745_metadata.json
scratch/Ball_counting_CNN/ball_data_collection/4_balls/metadata/20250622_181316_260197_metadata.json,20250622_181316_260197,4,5,2025-06-22T18:13:48.874243,4_balls,4_balls/metadata/20250622_181316_260197_metadata.json
scratch/Ball_counting_CNN/ball_data_collection/4_balls/metadata/20250622_193223_858831_metadata.json,20250622_193223_858831,4,5,2025-06-22T19:33:07.268111,4_balls,4_balls/metadata/20250622_193223_858831_metadata.json
scratch/Ball_counting_CNN/ball_data_collection/4_balls/metadata/20250622_175023_786961_metadata.json,20250622_175023_786961,4,5,2025-06-22T17:51:15.488040,4_balls,4_balls/metadata/20250622_175023_786961_metadata.json
scratch/Ball_counting_CNN/ball_data_collection/4_balls/metadata/20250622_172753_643874_metadata.json,20250622_172753_643874,4,5,2025-06-22T17:28:37.106916,4_balls,4_balls/metadata/20250622_172753_643874_metadata.json
scratch/Ball_counting_CNN/ball_data_collection/4_balls/metadata/20250622_191010_331358_metadata.json,20250622_191010_331358,4,5,2025-06-22T19:11:01.820043,4_balls,4_balls/metadata/20250622_191010_331358_metadata.json
scratch/Ball_counting_CNN/ball_data_collection/4_balls/metadata/20250622_185233_354551_metadata.json,20250622_185233_354551,4,5,2025-06-22T18:53:16.842811,4_balls,4_balls/metadata/20250622_185233_354551_metadata.json
scratch/Ball_counting_CNN/ball_data_collection/4_balls/metadata/20250622_174536_306915_metadata.json,20250622_174536_306915,4,5,2025-06-22T17:46:28.114039,4_balls,4_balls/metadata/20250622_174536_306915_metadata.json
scratch/Ball_counting_CNN/ball_data_collection/4_balls/metadata/20250622_193559_109085_metadata.json,20250622_193559_109085,4,5,2025-06-22T19:36:48.539078,4_balls,4_balls/metadata/20250622_193559_109085_metadata.json
scratch/Ball_counting_CNN/ball_data_collection/4_balls/metadata/20250622_185411_122776_metadata.json,20250622_185411_122776,4,5,2025-06-22T18:54:59.387871,4_balls,4_balls/metadata/20250622_185411_122776_metadata.json
scratch/Ball_counting_CNN/ball_data_collection/4_balls/metadata/20250622_174148_415580_metadata.json,20250622_174148_415580,4,5,2025-06-22T17:42:40.039976,4_balls,4_balls/metadata/20250622_174148_415580_metadata.json
scratch/Ball_counting_CNN/ball_data_collection/4_balls/metadata/20250622_183107_802867_metadata.json,20250622_183107_802867,4,5,2025-06-22T18:31:55.931452,4_balls,4_balls/metadata/20250622_183107_802867_metadata.json
scratch/Ball_counting_CNN/ball_data_collection/4_balls/metadata/20250622_191534_507325_metadata.json,20250622_191534_507325,4,5,2025-06-22T19:16:23.776798,4_balls,4_balls/metadata/20250622_191534_507325_metadata.json
scratch/Ball_counting_CNN/ball_data_collection/4_balls/metadata/20250622_173932_826995_metadata.json,20250622_173932_826995,4,5,2025-06-22T17:40:05.773981,4_balls,4_balls/metadata/20250622_173932_826995_metadata.json
scratch/Ball_counting_CNN/ball_data_collection/4_balls/metadata/20250622_181949_362134_metadata.json,20250622_181949_362134,4,5,2025-06-22T18:20:36.214294,4_balls,4_balls/metadata/20250622_181949_362134_metadata.json
scratch/Ball_counting_CNN/ball_data_collection/4_balls/metadata/20250622_170808_752622_metadata.json,20250622_170808_752622,4,5,2025-06-22T17:08:47.710921,4_balls,4_balls/metadata/20250622_170808_752622_metadata.json
scratch/Ball_counting_CNN/ball_data_collection/4_balls/metadata/20250622_170458_053300_metadata.json,20250622_170458_053300,4,5,2025-06-22T17:05:49.863925,4_balls,4_balls/metadata/20250622_170458_053300_metadata.json
scratch/Ball_counting_CNN/ball_data_collection/4_balls/metadata/20250622_180909_722845_metadata.json,20250622_180909_722845,4,5,2025-06-22T18:10:01.262179,4_balls,4_balls/metadata/20250622_180909_722845_metadata.json
scratch/Ball_counting_CNN/ball_data_collection/4_balls/metadata/20250622_172340_924415_metadata.json,20250622_172340_924415,4,5,2025-06-22T17:24:40.219073,4_balls,4_balls/metadata/20250622_172340_924415_metadata.json
scratch/Ball_counting_CNN/ball_data_collection/4_balls/metadata/20250622_173844_683614_metadata.json,20250622_173844_683614,4,5,2025-06-22T17:39:17.608866,4_balls,4_balls/metadata/20250622_173844_683614_metadata.json
scratch/Ball_counting_CNN/ball_data_collection/4_balls/metadata/20250622_183509_976616_metadata.json,20250622_183509_976616,4,5,2025-06-22T18:35:49.762512,4_balls,4_balls/metadata/20250622_183509_976616_metadata.json
scratch/Ball_counting_CNN/ball_data_collection/4_balls/metadata/20250622_172143_171976_metadata.json,20250622_172143_171976,4,5,2025-06-22T17:22:19.609829,4_balls,4_balls/metadata/20250622_172143_171976_metadata.json
scratch/Ball_counting_CNN/ball_data_collection/4_balls/metadata/20250622_190433_186906_metadata.json,20250622_190433_186906,4,5,2025-06-22T19:05:33.253833,4_balls,4_balls/metadata/20250622_190433_186906_metadata.json
scratch/Ball_counting_CNN/ball_data_collection/5_balls/metadata/20250623_183942_578266_metadata.json,20250623_183942_578266,5,6,2025-06-23T18:41:03.716335,5_balls,5_balls/metadata/20250623_183942_578266_metadata.json
scratch/Ball_counting_CNN/ball_data_collection/5_balls/metadata/20250624_104543_972849_metadata.json,20250624_104543_972849,5,6,2025-06-24T10:46:46.054350,5_balls,5_balls/metadata/20250624_104543_972849_metadata.json
scratch/Ball_counting_CNN/ball_data_collection/5_balls/metadata/20250623_190630_538853_metadata.json,20250623_190630_538853,5,6,2025-06-23T19:07:30.130900,5_balls,5_balls/metadata/20250623_190630_538853_metadata.json
scratch/Ball_counting_CNN/ball_data_collection/5_balls/metadata/20250623_201427_154285_metadata.json,20250623_201427_154285,5,6,2025-06-23T20:15:58.581961,5_balls,5_balls/metadata/20250623_201427_154285_metadata.json
scratch/Ball_counting_CNN/ball_data_collection/5_balls/metadata/20250623_184924_483535_metadata.json,20250623_184924_483535,5,6,2025-06-23T18:50:18.390141,5_balls,5_balls/metadata/20250623_184924_483535_metadata.json
scratch/Ball_counting_CNN/ball_data_collection/5_balls/metadata/20250623_195828_202934_metadata.json,20250623_195828_202934,5,6,2025-06-23T19:59:32.312610,5_balls,5_balls/metadata/20250623_195828_202934_metadata.json
scratch/Ball_counting_CNN/ball_data_collection/5_balls/metadata/20250623_201756_923229_metadata.json,20250623_201756_923229,5,6,2025-06-23T20:18:57.878715,5_balls,5_balls/metadata/20250623_201756_923229_metadata.json
scratch/Ball_counting_CNN/ball_data_collection/5_balls/metadata/20250623_185335_835385_metadata.json,20250623_185335_835385,5,6,2025-06-23T18:54:41.651925,5_balls,5_balls/metadata/20250623_185335_835385_metadata.json
scratch/Ball_counting_CNN/ball_data_collection/5_balls/metadata/20250623_201631_402665_metadata.json,20250623_201631_402665,5,6,2025-06-23T20:17:40.928832,5_balls,5_balls/metadata/20250623_201631_402665_metadata.json
scratch/Ball_counting_CNN/ball_data_collection/5_balls/metadata/20250623_194948_250186_metadata.json,20250623_194948_250186,5,6,2025-06-23T19:51:02.678793,5_balls,5_balls/metadata/20250623_194948_250186_metadata.json
scratch/Ball_counting_CNN/ball_data_collection/5_balls/metadata/20250624_105241_092824_metadata.json,20250624_105241_092824,5,6,2025-06-24T10:53:39.688327,5_balls,5_balls/metadata/20250624_105241_092824_metadata.json
scratch/Ball_counting_CNN/ball_data_collection/5_balls/metadata/20250623_191539_587176_metadata.json,20250623_191539_587176,5,6,2025-06-23T19:16:47.097705,5_balls,5_balls/metadata/20250623_191539_587176_metadata.json
scratch/Ball_counting_CNN/ball_data_collection/5_balls/metadata/20250623_194525_115038_metadata.json,20250623_194525_115038,5,6,2025-06-23T19:46:21.464822,5_balls,5_balls/metadata/20250623_194525_115038_metadata.json
scratch/Ball_counting_CNN/ball_data_collection/5_balls/metadata/20250623_193438_720673_metadata.json,20250623_193438_720673,5,6,2025-06-23T19:35:34.322206,5_balls,5_balls/metadata/20250623_193438_720673_metadata.json
scratch/Ball_counting_CNN/ball_data_collection/5_balls/metadata/20250623_194401_306880_metadata.json,20250623_194401_306880,5,6,2025-06-23T19:44:59.142958,5_balls,5_balls/metadata/20250623_194401_306880_metadata.json
scratch/Ball_counting_CNN/ball_data_collection/5_balls/metadata/20250623_190001_163121_metadata.json,20250623_190001_163121,5,6,2025-06-23T19:01:07.705804,5_balls,5_balls/metadata/20250623_190001_163121_metadata.json
scratch/Ball_counting_CNN/ball_data_collection/5_balls/metadata/20250623_200627_058841_metadata.json,20250623_200627_058841,5,6,2025-06-23T20:07:24.920249,5_balls,5_balls/metadata/20250623_200627_058841_metadata.json
scratch/Ball_counting_CNN/ball_data_collection/5_balls/metadata/20250623_201212_704630_metadata.json,20250623_201212_704630,5,6,2025-06-23T20:13:37.191029,5_balls,5_balls/metadata/20250623_201212_704630_metadata.json
scratch/Ball_counting_CNN/ball_data_collection/5_balls/metadata/20250623_185827_864285_metadata.json,20250623_185827_864285,5,6,2025-06-23T18:59:26.892975,5_balls,5_balls/metadata/20250623_185827_864285_metadata.json
scratch/Ball_counting_CNN/ball_data_collection/5_balls/metadata/20250623_195212_674367_metadata.json,20250623_195212_674367,5,6,2025-06-23T19:53:25.267586,5_balls,5_balls/metadata/20250623_195212_674367_metadata.json
scratch/Ball_counting_CNN/ball_data_collection/5_balls/metadata/20250624_102539_100839_metadata.json,20250624_102539_100839,5,6,2025-06-24T10:26:28.407311,5_balls,5_balls/metadata/20250624_102539_100839_metadata.json
scratch/Ball_counting_CNN/ball_data_collection/5_balls/metadata/20250623_200927_674627_metadata.json,20250623_200927_674627,5,6,2025-06-23T20:10:38.321212,5_balls,5_balls/metadata/20250623_200927_674627_metadata.json
scratch/Ball_counting_CNN/ball_data_collection/5_balls/metadata/20250623_194040_113385_metadata.json,20250623_194040_113385,5,6,2025-06-23T19:41:37.932040,5_balls,5_balls/metadata/20250623_194040_113385_metadata.json
scratch/Ball_counting_CNN/ball_data_collection/5_balls/metadata/20250623_183142_403257_metadata.json,20250623_183142_403257,5,6,2025-06-23T18:32:32.756374,5_balls,5_balls/metadata/20250623_183142_403257_metadata.json
scratch/Ball_counting_CNN/ball_data_collection/5_balls/metadata/20250623_184458_546796_metadata.json,20250623_184458_546796,5,6,2025-06-23T18:45:59.599194,5_balls,5_balls/metadata/20250623_184458_546796_metadata.json
scratch/Ball_counting_CNN/ball_data_collection/5_balls/metadata/20250623_191421_291363_metadata.json,20250623_191421_291363,5,6,2025-06-23T19:15:21.160749,5_balls,5_balls/metadata/20250623_191421_291363_metadata.json
scratch/Ball_counting_CNN/ball_data_collection/5_balls/metadata/20250624_104944_413706_metadata.json,20250624_104944_413706,5,6,2025-06-24T10:50:53.913306,5_balls,5_balls/metadata/20250624_104944_413706_metadata.json
scratch/Ball_counting_CNN/ball_data_collection/5_balls/metadata/20250624_102347_477998_metadata.json,20250624_102347_477998,5,6,2025-06-24T10:24:41.960304,5_balls,5_balls/metadata/20250624_102347_477998_metadata.json
scratch/Ball_counting_CNN/ball_data_collection/5_balls/metadata/20250623_185501_330686_metadata.json,20250623_185501_330686,5,6,2025-06-23T18:56:25.696876,5_balls,5_balls/metadata/20250623_185501_330686_metadata.json
scratch/Ball_counting_CNN/ball_data_collection/5_balls/metadata/20250623_192154_794983_metadata.json,20250623_192154_794983,5,6,2025-06-23T19:22:57.182468,5_balls,5_balls/metadata/20250623_192154_794983_metadata.json
scratch/Ball_counting_CNN/ball_data_collection/5_balls/metadata/20250623_191105_146866_metadata.json,20250623_191105_146866,5,6,2025-06-23T19:12:07.699728,5_balls,5_balls/metadata/20250623_191105_146866_metadata.json
scratch/Ball_counting_CNN/ball_data_collection/5_balls/metadata/20250623_183830_243454_metadata.json,20250623_183830_243454,5,6,2025-06-23T18:39:21.907478,5_balls,5_balls/metadata/20250623_183830_243454_metadata.json
scratch/Ball_counting_CNN/ball_data_collection/5_balls/metadata/20250623_193130_775243_metadata.json,20250623_193130_775243,5,6,2025-06-23T19:32:32.953267,5_balls,5_balls/metadata/20250623_193130_775243_metadata.json
scratch/Ball_counting_CNN/ball_data_collection/5_balls/metadata/20250623_191712_083182_metadata.json,20250623_191712_083182,5,6,2025-06-23T19:18:26.790547,5_balls,5_balls/metadata/20250623_191712_083182_metadata.json
scratch/Ball_counting_CNN/ball_data_collection/5_balls/metadata/20250623_183430_535883_metadata.json,20250623_183430_535883,5,6,2025-06-23T18:35:28.652533,5_balls,5_balls/metadata/20250623_183430_535883_metadata.json
scratch/Ball_counting_CNN/ball_data_collection/5_balls/metadata/20250623_182943_128339_metadata.json,20250623_182943_128339,5,6,2025-06-23T18:30:31.208373,5_balls,5_balls/metadata/20250623_182943_128339_metadata.json
scratch/Ball_counting_CNN/ball_data_collection/5_balls/metadata/20250624_102047_283342_metadata.json,20250624_102047_283342,5,6,2025-06-24T10:21:33.657469,5_balls,5_balls/metadata/20250624_102047_283342_metadata.json
scratch/Ball_counting_CNN/ball_data_collection/5_balls/metadata/20250623_185216_722574_metadata.json,20250623_185216_722574,5,6,2025-06-23T18:53:10.630910,5_balls,5_balls/metadata/20250623_185216_722574_metadata.json
scratch/Ball_counting_CNN/ball_data_collection/5_balls/metadata/20250623_195712_011290_metadata.json,20250623_195712_011290,5,6,2025-06-23T19:58:03.518543,5_balls,5_balls/metadata/20250623_195712_011290_metadata.json
scratch/Ball_counting_CNN/ball_data_collection/5_balls/metadata/20250624_104745_829459_metadata.json,20250624_104745_829459,5,6,2025-06-24T10:48:43.260403,5_balls,5_balls/metadata/20250624_104745_829459_metadata.json
scratch/Ball_counting_CNN/ball_data_collection/5_balls/metadata/20250623_192028_835162_metadata.json,20250623_192028_835162,5,6,2025-06-23T19:21:30.206526,5_balls,5_balls/metadata/20250623_192028_835162_metadata.json
scratch/Ball_counting_CNN/ball_data_collection/5_balls/metadata/20250623_185652_874188_metadata.json,20250623_185652_874188,5,6,2025-06-23T18:57:43.301826,5_balls,5_balls/metadata/20250623_185652_874188_metadata.json
scratch/Ball_counting_CNN/ball_data_collection/5_balls/metadata/20250623_193838_777743_metadata.json,20250623_193838_777743,5,6,2025-06-23T19:39:40.419084,5_balls,5_balls/metadata/20250623_193838_777743_metadata.json
scratch/Ball_counting_CNN/ball_data_collection/5_balls/metadata/20250624_105650_693817_metadata.json,20250624_105650_693817,5,6,2025-06-24T10:57:48.377282,5_balls,5_balls/metadata/20250624_105650_693817_metadata.json
scratch/Ball_counting_CNN/ball_data_collection/5_balls/metadata/20250623_184338_697877_metadata.json,20250623_184338_697877,5,6,2025-06-23T18:44:43.313230,5_balls,5_balls/metadata/20250623_184338_697877_metadata.json
scratch/Ball_counting_CNN/ball_data_collection/5_balls/metadata/20250623_194718_288494_metadata.json,20250623_194718_288494,5,6,2025-06-23T19:48:12.888848,5_balls,5_balls/metadata/20250623_194718_288494_metadata.json
scratch/Ball_counting_CNN/ball_data_collection/5_balls/metadata/20250624_103254_229764_metadata.json,20250624_103254_229764,5,6,2025-06-24T10:33:57.464262,5_balls,5_balls/metadata/20250624_103254_229764_metadata.json
scratch/Ball_counting_CNN/ball_data_collection/5_balls/metadata/20250624_102801_654283_metadata.json,20250624_102801_654283,5,6,2025-06-24T10:29:24.076545,5_balls,5_balls/metadata/20250624_102801_654283_metadata.json
scratch/Ball_counting_CNN/ball_data_collection/5_balls/metadata/20250624_102209_213839_metadata.json,20250624_102209_213839,5,6,2025-06-24T10:23:04.117354,5_balls,5_balls/metadata/20250624_102209_213839_metadata.json
scratch/Ball_counting_CNN/ball_data_collection/5_balls/metadata/20250623_195427_136662_metadata.json,20250623_195427_136662,5,6,2025-06-23T19:55:24.675653,5_balls,5_balls/metadata/20250623_195427_136662_metadata.json
scratch/Ball_counting_CNN/ball_data_collection/5_balls/metadata/20250623_190933_010361_metadata.json,20250623_190933_010361,5,6,2025-06-23T19:10:36.527804,5_balls,5_balls/metadata/20250623_190933_010361_metadata.json
scratch/Ball_counting_CNN/ball_data_collection/5_balls/metadata/20250623_184753_843425_metadata.json,20250623_184753_843425,5,6,2025-06-23T18:48:52.994197,5_balls,5_balls/metadata/20250623_184753_843425_metadata.json
scratch/Ball_counting_CNN/ball_data_collection/5_balls/metadata/20250623_200028_457566_metadata.json,20250623_200028_457566,5,6,2025-06-23T20:01:38.933521,5_balls,5_balls/metadata/20250623_200028_457566_metadata.json
scratch/Ball_counting_CNN/ball_data_collection/5_balls/metadata/20250623_190431_403671_metadata.json,20250623_190431_403671,5,6,2025-06-23T19:05:58.381927,5_balls,5_balls/metadata/20250623_190431_403671_metadata.json
scratch/Ball_counting_CNN/ball_data_collection/5_balls/metadata/20250623_192957_531789_metadata.json,20250623_192957_531789,5,6,2025-06-23T19:31:00.662386,5_balls,5_balls/metadata/20250623_192957_531789_metadata.json
scratch/Ball_counting_CNN/ball_data_collection/5_balls/metadata/20250623_183715_955085_metadata.json,20250623_183715_955085,5,6,2025-06-23T18:38:09.332426,5_balls,5_balls/metadata/20250623_183715_955085_metadata.json
scratch/Ball_counting_CNN/ball_data_collection/5_balls/metadata/20250624_101833_339726_metadata.json,20250624_101833_339726,5,6,2025-06-24T10:19:32.290459,5_balls,5_balls/metadata/20250624_101833_339726_metadata.json
scratch/Ball_counting_CNN/ball_data_collection/5_balls/metadata/20250624_105847_237033_metadata.json,20250624_105847_237033,5,6,2025-06-24T10:59:47.634299,5_balls,5_balls/metadata/20250624_105847_237033_metadata.json
scratch/Ball_counting_CNN/ball_data_collection/5_balls/metadata/20250624_104126_285410_metadata.json,20250624_104126_285410,5,6,2025-06-24T10:42:37.134257,5_balls,5_balls/metadata/20250624_104126_285410_metadata.json
scratch/Ball_counting_CNN/ball_data_collection/5_balls/metadata/20250624_103111_150622_metadata.json,20250624_103111_150622,5,6,2025-06-24T10:32:19.677349,5_balls,5_balls/metadata/20250624_103111_150622_metadata.json
scratch/Ball_counting_CNN/ball_data_collection/5_balls/metadata/20250623_183543_931681_metadata.json,20250623_183543_931681,5,6,2025-06-23T18:36:43.798530,5_balls,5_balls/metadata/20250623_183543_931681_metadata.json
scratch/Ball_counting_CNN/ball_data_collection/5_balls/metadata/20250623_194237_185757_metadata.json,20250623_194237_185757,5,6,2025-06-23T19:43:34.769119,5_balls,5_balls/metadata/20250623_194237_185757_metadata.json
scratch/Ball_counting_CNN/ball_data_collection/5_balls/metadata/20250623_190800_420068_metadata.json,20250623_190800_420068,5,6,2025-06-23T19:09:09.490908,5_balls,5_balls/metadata/20250623_190800_420068_metadata.json
scratch/Ball_counting_CNN/ball_data_collection/5_balls/metadata/20250623_192403_256723_metadata.json,20250623_192403_256723,5,6,2025-06-23T19:24:45.909358,5_balls,5_balls/metadata/20250623_192403_256723_metadata.json
scratch/Ball_counting_CNN/ball_data_collection/6_balls/metadata/20250624_115421_844050_metadata.json,20250624_115421_844050,6,7,2025-06-24T11:55:57.433627,6_balls,6_balls/metadata/20250624_115421_844050_metadata.json
scratch/Ball_counting_CNN/ball_data_collection/6_balls/metadata/20250624_113956_003812_metadata.json,20250624_113956_003812,6,7,2025-06-24T11:41:02.291049,6_balls,6_balls/metadata/20250624_113956_003812_metadata.json
scratch/Ball_counting_CNN/ball_data_collection/6_balls/metadata/20250624_135431_869499_metadata.json,20250624_135431_869499,6,7,2025-06-24T13:55:49.830785,6_balls,6_balls/metadata/20250624_135431_869499_metadata.json
scratch/Ball_counting_CNN/ball_data_collection/6_balls/metadata/20250624_131549_217813_metadata.json,20250624_131549_217813,6,7,2025-06-24T13:16:58.230681,6_balls,6_balls/metadata/20250624_131549_217813_metadata.json
scratch/Ball_counting_CNN/ball_data_collection/6_balls/metadata/20250624_112113_324763_metadata.json,20250624_112113_324763,6,7,2025-06-24T11:22:24.053194,6_balls,6_balls/metadata/20250624_112113_324763_metadata.json
scratch/Ball_counting_CNN/ball_data_collection/6_balls/metadata/20250624_140827_655956_metadata.json,20250624_140827_655956,6,7,2025-06-24T14:09:42.673416,6_balls,6_balls/metadata/20250624_140827_655956_metadata.json
scratch/Ball_counting_CNN/ball_data_collection/6_balls/metadata/20250624_112743_964679_metadata.json,20250624_112743_964679,6,7,2025-06-24T11:28:50.931101,6_balls,6_balls/metadata/20250624_112743_964679_metadata.json
scratch/Ball_counting_CNN/ball_data_collection/6_balls/metadata/20250624_140630_463525_metadata.json,20250624_140630_463525,6,7,2025-06-24T14:07:52.897404,6_balls,6_balls/metadata/20250624_140630_463525_metadata.json
scratch/Ball_counting_CNN/ball_data_collection/6_balls/metadata/20250624_111258_133731_metadata.json,20250624_111258_133731,6,7,2025-06-24T11:14:07.777155,6_balls,6_balls/metadata/20250624_111258_133731_metadata.json
scratch/Ball_counting_CNN/ball_data_collection/6_balls/metadata/20250624_113353_460425_metadata.json,20250624_113353_460425,6,7,2025-06-24T11:35:10.209058,6_balls,6_balls/metadata/20250624_113353_460425_metadata.json
scratch/Ball_counting_CNN/ball_data_collection/6_balls/metadata/20250624_144353_111312_metadata.json,20250624_144353_111312,6,7,2025-06-24T14:45:02.760584,6_balls,6_balls/metadata/20250624_144353_111312_metadata.json
scratch/Ball_counting_CNN/ball_data_collection/6_balls/metadata/20250624_144759_872439_metadata.json,20250624_144759_872439,6,7,2025-06-24T14:48:59.692447,6_balls,6_balls/metadata/20250624_144759_872439_metadata.json
scratch/Ball_counting_CNN/ball_data_collection/6_balls/metadata/20250624_133825_007739_metadata.json,20250624_133825_007739,6,7,2025-06-24T13:39:36.924756,6_balls,6_balls/metadata/20250624_133825_007739_metadata.json
scratch/Ball_counting_CNN/ball_data_collection/6_balls/metadata/20250624_141109_781923_metadata.json,20250624_141109_781923,6,7,2025-06-24T14:12:14.530281,6_balls,6_balls/metadata/20250624_141109_781923_metadata.json
scratch/Ball_counting_CNN/ball_data_collection/6_balls/metadata/20250624_142614_316992_metadata.json,20250624_142614_316992,6,7,2025-06-24T14:27:23.440849,6_balls,6_balls/metadata/20250624_142614_316992_metadata.json
scratch/Ball_counting_CNN/ball_data_collection/6_balls/metadata/20250624_134455_855353_metadata.json,20250624_134455_855353,6,7,2025-06-24T13:46:08.152122,6_balls,6_balls/metadata/20250624_134455_855353_metadata.json
scratch/Ball_counting_CNN/ball_data_collection/6_balls/metadata/20250624_134110_426494_metadata.json,20250624_134110_426494,6,7,2025-06-24T13:42:30.318563,6_balls,6_balls/metadata/20250624_134110_426494_metadata.json
scratch/Ball_counting_CNN/ball_data_collection/6_balls/metadata/20250624_133322_736298_metadata.json,20250624_133322_736298,6,7,2025-06-24T13:34:57.772911,6_balls,6_balls/metadata/20250624_133322_736298_metadata.json
scratch/Ball_counting_CNN/ball_data_collection/6_balls/metadata/20250624_131204_977845_metadata.json,20250624_131204_977845,6,7,2025-06-24T13:13:34.418882,6_balls,6_balls/metadata/20250624_131204_977845_metadata.json
scratch/Ball_counting_CNN/ball_data_collection/6_balls/metadata/20250624_135009_816234_metadata.json,20250624_135009_816234,6,7,2025-06-24T13:51:28.537996,6_balls,6_balls/metadata/20250624_135009_816234_metadata.json
scratch/Ball_counting_CNN/ball_data_collection/6_balls/metadata/20250624_111455_858430_metadata.json,20250624_111455_858430,6,7,2025-06-24T11:15:59.032214,6_balls,6_balls/metadata/20250624_111455_858430_metadata.json
scratch/Ball_counting_CNN/ball_data_collection/6_balls/metadata/20250624_110405_573783_metadata.json,20250624_110405_573783,6,7,2025-06-24T11:05:10.305184,6_balls,6_balls/metadata/20250624_110405_573783_metadata.json
scratch/Ball_counting_CNN/ball_data_collection/6_balls/metadata/20250624_144545_783144_metadata.json,20250624_144545_783144,6,7,2025-06-24T14:47:18.830479,6_balls,6_balls/metadata/20250624_144545_783144_metadata.json
scratch/Ball_counting_CNN/ball_data_collection/6_balls/metadata/20250624_142207_580414_metadata.json,20250624_142207_580414,6,7,2025-06-24T14:23:09.413753,6_balls,6_balls/metadata/20250624_142207_580414_metadata.json
scratch/Ball_counting_CNN/ball_data_collection/6_balls/metadata/20250624_111708_557115_metadata.json,20250624_111708_557115,6,7,2025-06-24T11:18:22.595222,6_balls,6_balls/metadata/20250624_111708_557115_metadata.json
scratch/Ball_counting_CNN/ball_data_collection/6_balls/metadata/20250624_110843_469835_metadata.json,20250624_110843_469835,6,7,2025-06-24T11:10:00.999356,6_balls,6_balls/metadata/20250624_110843_469835_metadata.json
scratch/Ball_counting_CNN/ball_data_collection/6_balls/metadata/20250624_144148_158616_metadata.json,20250624_144148_158616,6,7,2025-06-24T14:43:10.991553,6_balls,6_balls/metadata/20250624_144148_158616_metadata.json
scratch/Ball_counting_CNN/ball_data_collection/6_balls/metadata/20250624_132329_752671_metadata.json,20250624_132329_752671,6,7,2025-06-24T13:24:44.369291,6_balls,6_balls/metadata/20250624_132329_752671_metadata.json
scratch/Ball_counting_CNN/ball_data_collection/6_balls/metadata/20250624_140454_141139_metadata.json,20250624_140454_141139,6,7,2025-06-24T14:06:08.487505,6_balls,6_balls/metadata/20250624_140454_141139_metadata.json
scratch/Ball_counting_CNN/ball_data_collection/6_balls/metadata/20250624_133539_481162_metadata.json,20250624_133539_481162,6,7,2025-06-24T13:36:43.347843,6_balls,6_balls/metadata/20250624_133539_481162_metadata.json
scratch/Ball_counting_CNN/ball_data_collection/6_balls/metadata/20250624_132521_552328_metadata.json,20250624_132521_552328,6,7,2025-06-24T13:26:32.429246,6_balls,6_balls/metadata/20250624_132521_552328_metadata.json
scratch/Ball_counting_CNN/ball_data_collection/6_balls/metadata/20250624_141929_887669_metadata.json,20250624_141929_887669,6,7,2025-06-24T14:20:33.776847,6_balls,6_balls/metadata/20250624_141929_887669_metadata.json
scratch/Ball_counting_CNN/ball_data_collection/6_balls/metadata/20250624_143618_623451_metadata.json,20250624_143618_623451,6,7,2025-06-24T14:37:20.569512,6_balls,6_balls/metadata/20250624_143618_623451_metadata.json
scratch/Ball_counting_CNN/ball_data_collection/6_balls/metadata/20250624_131907_016354_metadata.json,20250624_131907_016354,6,7,2025-06-24T13:20:24.469464,6_balls,6_balls/metadata/20250624_131907_016354_metadata.json
scratch/Ball_counting_CNN/ball_data_collection/6_balls/metadata/20250624_133126_989901_metadata.json,20250624_133126_989901,6,7,2025-06-24T13:33:00.146166,6_balls,6_balls/metadata/20250624_133126_989901_metadata.json
scratch/Ball_counting_CNN/ball_data_collection/6_balls/metadata/20250624_140252_467070_metadata.json,20250624_140252_467070,6,7,2025-06-24T14:04:03.275603,6_balls,6_balls/metadata/20250624_140252_467070_metadata.json
scratch/Ball_counting_CNN/ball_data_collection/6_balls/metadata/20250624_114223_300845_metadata.json,20250624_114223_300845,6,7,2025-06-24T11:43:25.468862,6_balls,6_balls/metadata/20250624_114223_300845_metadata.json
scratch/Ball_counting_CNN/ball_data_collection/6_balls/metadata/20250624_112503_741018_metadata.json,20250624_112503_741018,6,7,2025-06-24T11:26:45.302172,6_balls,6_balls/metadata/20250624_112503_741018_metadata.json
scratch/Ball_counting_CNN/ball_data_collection/6_balls/metadata/20250624_112321_581337_metadata.json,20250624_112321_581337,6,7,2025-06-24T11:24:39.037197,6_balls,6_balls/metadata/20250624_112321_581337_metadata.json
scratch/Ball_counting_CNN/ball_data_collection/6_balls/metadata/20250624_142943_999775_metadata.json,20250624_142943_999775,6,7,2025-06-24T14:30:53.601760,6_balls,6_balls/metadata/20250624_142943_999775_metadata.json
scratch/Ball_counting_CNN/ball_data_collection/6_balls/metadata/20250624_135655_438981_metadata.json,20250624_135655_438981,6,7,2025-06-24T13:58:06.548620,6_balls,6_balls/metadata/20250624_135655_438981_metadata.json
scratch/Ball_counting_CNN/ball_data_collection/6_balls/metadata/20250624_134831_728420_metadata.json,20250624_134831_728420,6,7,2025-06-24T13:49:41.689017,6_balls,6_balls/metadata/20250624_134831_728420_metadata.json
scratch/Ball_counting_CNN/ball_data_collection/6_balls/metadata/20250624_142325_871892_metadata.json,20250624_142325_871892,6,7,2025-06-24T14:24:34.591834,6_balls,6_balls/metadata/20250624_142325_871892_metadata.json
scratch/Ball_counting_CNN/ball_data_collection/6_balls/metadata/20250624_111928_364548_metadata.json,20250624_111928_364548,6,7,2025-06-24T11:20:36.841171,6_balls,6_balls/metadata/20250624_111928_364548_metadata.json
scratch/Ball_counting_CNN/ball_data_collection/6_balls/metadata/20250624_135914_910076_metadata.json,20250624_135914_910076,6,7,2025-06-24T14:00:23.565546,6_balls,6_balls/metadata/20250624_135914_910076_metadata.json
scratch/Ball_counting_CNN/ball_data_collection/6_balls/metadata/20250624_141406_334347_metadata.json,20250624_141406_334347,6,7,2025-06-24T14:15:11.737106,6_balls,6_balls/metadata/20250624_141406_334347_metadata.json
scratch/Ball_counting_CNN/ball_data_collection/6_balls/metadata/20250624_135201_303204_metadata.json,20250624_135201_303204,6,7,2025-06-24T13:53:13.422948,6_balls,6_balls/metadata/20250624_135201_303204_metadata.json
scratch/Ball_counting_CNN/ball_data_collection/6_balls/metadata/20250624_110624_157557_metadata.json,20250624_110624_157557,6,7,2025-06-24T11:08:02.903485,6_balls,6_balls/metadata/20250624_110624_157557_metadata.json
scratch/Ball_counting_CNN/ball_data_collection/6_balls/metadata/20250624_132855_393020_metadata.json,20250624_132855_393020,6,7,2025-06-24T13:30:05.045232,6_balls,6_balls/metadata/20250624_132855_393020_metadata.json
scratch/Ball_counting_CNN/ball_data_collection/6_balls/metadata/20250624_143124_119491_metadata.json,20250624_143124_119491,6,7,2025-06-24T14:32:47.428659,6_balls,6_balls/metadata/20250624_143124_119491_metadata.json
scratch/Ball_counting_CNN/ball_data_collection/6_balls/metadata/20250624_134648_063539_metadata.json,20250624_134648_063539,6,7,2025-06-24T13:47:57.868188,6_balls,6_balls/metadata/20250624_134648_063539_metadata.json
scratch/Ball_counting_CNN/ball_data_collection/6_balls/metadata/20250624_134327_879554_metadata.json,20250624_134327_879554,6,7,2025-06-24T13:44:36.928439,6_balls,6_balls/metadata/20250624_134327_879554_metadata.json
scratch/Ball_counting_CNN/ball_data_collection/7_balls/metadata/20250624_170401_611749_metadata.json,20250624_170401_611749,7,8,2025-06-24T17:05:28.761097,7_balls,7_balls/metadata/20250624_170401_611749_metadata.json
scratch/Ball_counting_CNN/ball_data_collection/7_balls/metadata/20250624_194453_185304_metadata.json,20250624_194453_185304,7,8,2025-06-24T19:46:39.800313,7_balls,7_balls/metadata/20250624_194453_185304_metadata.json
scratch/Ball_counting_CNN/ball_data_collection/7_balls/metadata/20250624_195056_449348_metadata.json,20250624_195056_449348,7,8,2025-06-24T19:52:15.549058,7_balls,7_balls/metadata/20250624_195056_449348_metadata.json
scratch/Ball_counting_CNN/ball_data_collection/7_balls/metadata/20250624_194106_504803_metadata.json,20250624_194106_504803,7,8,2025-06-24T19:42:24.079424,7_balls,7_balls/metadata/20250624_194106_504803_metadata.json
scratch/Ball_counting_CNN/ball_data_collection/7_balls/metadata/20250624_161354_093021_metadata.json,20250624_161354_093021,7,8,2025-06-24T16:15:19.555418,7_balls,7_balls/metadata/20250624_161354_093021_metadata.json
scratch/Ball_counting_CNN/ball_data_collection/7_balls/metadata/20250624_163307_632268_metadata.json,20250624_163307_632268,7,8,2025-06-24T16:34:35.345373,7_balls,7_balls/metadata/20250624_163307_632268_metadata.json
scratch/Ball_counting_CNN/ball_data_collection/7_balls/metadata/20250624_151801_670905_metadata.json,20250624_151801_670905,7,8,2025-06-24T15:19:11.307874,7_balls,7_balls/metadata/20250624_151801_670905_metadata.json
scratch/Ball_counting_CNN/ball_data_collection/7_balls/metadata/20250624_151143_341144_metadata.json,20250624_151143_341144,7,8,2025-06-24T15:13:00.244992,7_balls,7_balls/metadata/20250624_151143_341144_metadata.json
scratch/Ball_counting_CNN/ball_data_collection/7_balls/metadata/20250624_163805_856642_metadata.json,20250624_163805_856642,7,8,2025-06-24T16:39:35.553179,7_balls,7_balls/metadata/20250624_163805_856642_metadata.json
scratch/Ball_counting_CNN/ball_data_collection/7_balls/metadata/20250624_155446_719363_metadata.json,20250624_155446_719363,7,8,2025-06-24T15:56:10.951802,7_balls,7_balls/metadata/20250624_155446_719363_metadata.json
scratch/Ball_counting_CNN/ball_data_collection/7_balls/metadata/20250624_195347_859682_metadata.json,20250624_195347_859682,7,8,2025-06-24T19:55:03.821102,7_balls,7_balls/metadata/20250624_195347_859682_metadata.json
scratch/Ball_counting_CNN/ball_data_collection/7_balls/metadata/20250624_170001_216788_metadata.json,20250624_170001_216788,7,8,2025-06-24T17:01:45.614086,7_balls,7_balls/metadata/20250624_170001_216788_metadata.json
scratch/Ball_counting_CNN/ball_data_collection/7_balls/metadata/20250624_170707_743986_metadata.json,20250624_170707_743986,7,8,2025-06-24T17:08:32.623992,7_balls,7_balls/metadata/20250624_170707_743986_metadata.json
scratch/Ball_counting_CNN/ball_data_collection/7_balls/metadata/20250624_160830_072663_metadata.json,20250624_160830_072663,7,8,2025-06-24T16:09:57.379441,7_balls,7_balls/metadata/20250624_160830_072663_metadata.json
scratch/Ball_counting_CNN/ball_data_collection/7_balls/metadata/20250624_193325_041748_metadata.json,20250624_193325_041748,7,8,2025-06-24T19:35:12.550661,7_balls,7_balls/metadata/20250624_193325_041748_metadata.json
scratch/Ball_counting_CNN/ball_data_collection/7_balls/metadata/20250624_193640_105227_metadata.json,20250624_193640_105227,7,8,2025-06-24T19:38:03.772615,7_balls,7_balls/metadata/20250624_193640_105227_metadata.json
scratch/Ball_counting_CNN/ball_data_collection/7_balls/metadata/20250624_172634_485101_metadata.json,20250624_172634_485101,7,8,2025-06-24T17:27:48.114063,7_balls,7_balls/metadata/20250624_172634_485101_metadata.json
scratch/Ball_counting_CNN/ball_data_collection/7_balls/metadata/20250624_164541_415636_metadata.json,20250624_164541_415636,7,8,2025-06-24T16:47:24.616134,7_balls,7_balls/metadata/20250624_164541_415636_metadata.json
scratch/Ball_counting_CNN/ball_data_collection/7_balls/metadata/20250624_175540_394772_metadata.json,20250624_175540_394772,7,8,2025-06-24T17:57:11.280322,7_balls,7_balls/metadata/20250624_175540_394772_metadata.json
scratch/Ball_counting_CNN/ball_data_collection/7_balls/metadata/20250624_150810_566575_metadata.json,20250624_150810_566575,7,8,2025-06-24T15:09:41.945204,7_balls,7_balls/metadata/20250624_150810_566575_metadata.json
scratch/Ball_counting_CNN/ball_data_collection/7_balls/metadata/20250624_155733_215445_metadata.json,20250624_155733_215445,7,8,2025-06-24T15:58:48.873565,7_balls,7_balls/metadata/20250624_155733_215445_metadata.json
scratch/Ball_counting_CNN/ball_data_collection/7_balls/metadata/20250624_153335_951571_metadata.json,20250624_153335_951571,7,8,2025-06-24T15:34:56.659484,7_balls,7_balls/metadata/20250624_153335_951571_metadata.json
scratch/Ball_counting_CNN/ball_data_collection/7_balls/metadata/20250624_160604_319785_metadata.json,20250624_160604_319785,7,8,2025-06-24T16:07:27.051448,7_balls,7_balls/metadata/20250624_160604_319785_metadata.json
scratch/Ball_counting_CNN/ball_data_collection/7_balls/metadata/20250624_152105_830468_metadata.json,20250624_152105_830468,7,8,2025-06-24T15:22:28.861693,7_balls,7_balls/metadata/20250624_152105_830468_metadata.json
scratch/Ball_counting_CNN/ball_data_collection/7_balls/metadata/20250624_155939_104758_metadata.json,20250624_155939_104758,7,8,2025-06-24T16:01:09.207544,7_balls,7_balls/metadata/20250624_155939_104758_metadata.json
scratch/Ball_counting_CNN/ball_data_collection/7_balls/metadata/20250624_164918_174541_metadata.json,20250624_164918_174541,7,8,2025-06-24T16:50:57.268139,7_balls,7_balls/metadata/20250624_164918_174541_metadata.json
scratch/Ball_counting_CNN/ball_data_collection/7_balls/metadata/20250624_163547_215877_metadata.json,20250624_163547_215877,7,8,2025-06-24T16:37:16.462189,7_balls,7_balls/metadata/20250624_163547_215877_metadata.json
scratch/Ball_counting_CNN/ball_data_collection/7_balls/metadata/20250624_152633_479705_metadata.json,20250624_152633_479705,7,8,2025-06-24T15:28:04.309672,7_balls,7_balls/metadata/20250624_152633_479705_metadata.json
scratch/Ball_counting_CNN/ball_data_collection/7_balls/metadata/20250624_152403_262723_metadata.json,20250624_152403_262723,7,8,2025-06-24T15:25:41.240611,7_balls,7_balls/metadata/20250624_152403_262723_metadata.json
scratch/Ball_counting_CNN/ball_data_collection/7_balls/metadata/20250624_164252_064846_metadata.json,20250624_164252_064846,7,8,2025-06-24T16:44:05.528127,7_balls,7_balls/metadata/20250624_164252_064846_metadata.json
scratch/Ball_counting_CNN/ball_data_collection/7_balls/metadata/20250624_192439_697290_metadata.json,20250624_192439_697290,7,8,2025-06-24T19:25:56.601931,7_balls,7_balls/metadata/20250624_192439_697290_metadata.json
scratch/Ball_counting_CNN/ball_data_collection/7_balls/metadata/20250624_174604_010467_metadata.json,20250624_174604_010467,7,8,2025-06-24T17:47:31.414446,7_balls,7_balls/metadata/20250624_174604_010467_metadata.json
scratch/Ball_counting_CNN/ball_data_collection/7_balls/metadata/20250624_161112_726947_metadata.json,20250624_161112_726947,7,8,2025-06-24T16:12:33.110432,7_balls,7_balls/metadata/20250624_161112_726947_metadata.json
scratch/Ball_counting_CNN/ball_data_collection/7_balls/metadata/20250624_192301_974808_metadata.json,20250624_192301_974808,7,8,2025-06-24T19:24:12.738795,7_balls,7_balls/metadata/20250624_192301_974808_metadata.json
scratch/Ball_counting_CNN/ball_data_collection/7_balls/metadata/20250624_173855_257349_metadata.json,20250624_173855_257349,7,8,2025-06-24T17:40:16.943685,7_balls,7_balls/metadata/20250624_173855_257349_metadata.json
scratch/Ball_counting_CNN/ball_data_collection/7_balls/metadata/20250624_161647_343372_metadata.json,20250624_161647_343372,7,8,2025-06-24T16:18:19.911434,7_balls,7_balls/metadata/20250624_161647_343372_metadata.json
scratch/Ball_counting_CNN/ball_data_collection/7_balls/metadata/20250624_172847_289257_metadata.json,20250624_172847_289257,7,8,2025-06-24T17:30:13.118689,7_balls,7_balls/metadata/20250624_172847_289257_metadata.json
scratch/Ball_counting_CNN/ball_data_collection/7_balls/metadata/20250624_162330_848131_metadata.json,20250624_162330_848131,7,8,2025-06-24T16:24:55.597421,7_balls,7_balls/metadata/20250624_162330_848131_metadata.json
scratch/Ball_counting_CNN/ball_data_collection/7_balls/metadata/20250624_174951_427067_metadata.json,20250624_174951_427067,7,8,2025-06-24T17:51:07.156387,7_balls,7_balls/metadata/20250624_174951_427067_metadata.json
scratch/Ball_counting_CNN/ball_data_collection/7_balls/metadata/20250624_172021_249522_metadata.json,20250624_172021_249522,7,8,2025-06-24T17:21:53.317987,7_balls,7_balls/metadata/20250624_172021_249522_metadata.json
scratch/Ball_counting_CNN/ball_data_collection/7_balls/metadata/20250624_145304_678042_metadata.json,20250624_145304_678042,7,8,2025-06-24T14:54:31.644306,7_balls,7_balls/metadata/20250624_145304_678042_metadata.json
scratch/Ball_counting_CNN/ball_data_collection/7_balls/metadata/20250624_193914_138960_metadata.json,20250624_193914_138960,7,8,2025-06-24T19:40:29.619481,7_balls,7_balls/metadata/20250624_193914_138960_metadata.json
scratch/Ball_counting_CNN/ball_data_collection/7_balls/metadata/20250624_192650_336616_metadata.json,20250624_192650_336616,7,8,2025-06-24T19:28:03.485909,7_balls,7_balls/metadata/20250624_192650_336616_metadata.json
scratch/Ball_counting_CNN/ball_data_collection/7_balls/metadata/20250624_195519_545687_metadata.json,20250624_195519_545687,7,8,2025-06-24T19:56:56.407974,7_balls,7_balls/metadata/20250624_195519_545687_metadata.json
scratch/Ball_counting_CNN/ball_data_collection/7_balls/metadata/20250624_172350_737071_metadata.json,20250624_172350_737071,7,8,2025-06-24T17:25:17.259814,7_balls,7_balls/metadata/20250624_172350_737071_metadata.json
scratch/Ball_counting_CNN/ball_data_collection/7_balls/metadata/20250624_194820_751496_metadata.json,20250624_194820_751496,7,8,2025-06-24T19:49:51.831170,7_balls,7_balls/metadata/20250624_194820_751496_metadata.json
scratch/Ball_counting_CNN/ball_data_collection/8_balls/metadata/20250625_123123_084146_metadata.json,20250625_123123_084146,8,9,2025-06-25T12:32:48.612721,8_balls,8_balls/metadata/20250625_123123_084146_metadata.json
scratch/Ball_counting_CNN/ball_data_collection/8_balls/metadata/20250625_111338_884279_metadata.json,20250625_111338_884279,8,9,2025-06-25T11:15:06.039314,8_balls,8_balls/metadata/20250625_111338_884279_metadata.json
scratch/Ball_counting_CNN/ball_data_collection/8_balls/metadata/20250624_205026_536401_metadata.json,20250624_205026_536401,8,9,2025-06-24T20:52:03.516025,8_balls,8_balls/metadata/20250624_205026_536401_metadata.json
scratch/Ball_counting_CNN/ball_data_collection/8_balls/metadata/20250625_114344_292633_metadata.json,20250625_114344_292633,8,9,2025-06-25T11:45:17.532719,8_balls,8_balls/metadata/20250625_114344_292633_metadata.json
scratch/Ball_counting_CNN/ball_data_collection/8_balls/metadata/20250624_203739_963127_metadata.json,20250624_203739_963127,8,9,2025-06-24T20:39:13.161988,8_balls,8_balls/metadata/20250624_203739_963127_metadata.json
scratch/Ball_counting_CNN/ball_data_collection/8_balls/metadata/20250624_200640_297565_metadata.json,20250624_200640_297565,8,9,2025-06-24T20:08:03.605482,8_balls,8_balls/metadata/20250624_200640_297565_metadata.json
scratch/Ball_counting_CNN/ball_data_collection/8_balls/metadata/20250625_110124_980526_metadata.json,20250625_110124_980526,8,9,2025-06-25T11:03:02.911485,8_balls,8_balls/metadata/20250625_110124_980526_metadata.json
scratch/Ball_counting_CNN/ball_data_collection/8_balls/metadata/20250625_124208_219820_metadata.json,20250625_124208_219820,8,9,2025-06-25T12:43:38.493442,8_balls,8_balls/metadata/20250625_124208_219820_metadata.json
scratch/Ball_counting_CNN/ball_data_collection/8_balls/metadata/20250624_202635_498410_metadata.json,20250624_202635_498410,8,9,2025-06-24T20:28:15.621003,8_balls,8_balls/metadata/20250624_202635_498410_metadata.json
scratch/Ball_counting_CNN/ball_data_collection/8_balls/metadata/20250625_130213_476789_metadata.json,20250625_130213_476789,8,9,2025-06-25T13:03:42.502984,8_balls,8_balls/metadata/20250625_130213_476789_metadata.json
scratch/Ball_counting_CNN/ball_data_collection/8_balls/metadata/20250624_201709_192166_metadata.json,20250624_201709_192166,8,9,2025-06-24T20:18:46.547043,8_balls,8_balls/metadata/20250624_201709_192166_metadata.json
scratch/Ball_counting_CNN/ball_data_collection/8_balls/metadata/20250625_110714_653635_metadata.json,20250625_110714_653635,8,9,2025-06-25T11:08:48.554375,8_balls,8_balls/metadata/20250625_110714_653635_metadata.json
scratch/Ball_counting_CNN/ball_data_collection/8_balls/metadata/20250624_204349_857752_metadata.json,20250624_204349_857752,8,9,2025-06-24T20:45:15.217038,8_balls,8_balls/metadata/20250624_204349_857752_metadata.json
scratch/Ball_counting_CNN/ball_data_collection/8_balls/metadata/20250625_113547_660300_metadata.json,20250625_113547_660300,8,9,2025-06-25T11:37:23.515835,8_balls,8_balls/metadata/20250625_113547_660300_metadata.json
scratch/Ball_counting_CNN/ball_data_collection/8_balls/metadata/20250625_122602_779837_metadata.json,20250625_122602_779837,8,9,2025-06-25T12:27:43.768840,8_balls,8_balls/metadata/20250625_122602_779837_metadata.json
scratch/Ball_counting_CNN/ball_data_collection/8_balls/metadata/20250625_114008_084870_metadata.json,20250625_114008_084870,8,9,2025-06-25T11:41:33.459888,8_balls,8_balls/metadata/20250625_114008_084870_metadata.json
scratch/Ball_counting_CNN/ball_data_collection/8_balls/metadata/20250624_211339_319376_metadata.json,20250624_211339_319376,8,9,2025-06-24T21:15:00.929692,8_balls,8_balls/metadata/20250624_211339_319376_metadata.json
scratch/Ball_counting_CNN/ball_data_collection/8_balls/metadata/20250625_113123_029407_metadata.json,20250625_113123_029407,8,9,2025-06-25T11:32:58.297004,8_balls,8_balls/metadata/20250625_113123_029407_metadata.json
scratch/Ball_counting_CNN/ball_data_collection/8_balls/metadata/20250624_210837_801404_metadata.json,20250624_210837_801404,8,9,2025-06-24T21:09:56.357682,8_balls,8_balls/metadata/20250624_210837_801404_metadata.json
scratch/Ball_counting_CNN/ball_data_collection/8_balls/metadata/20250625_111046_166412_metadata.json,20250625_111046_166412,8,9,2025-06-25T11:12:20.448314,8_balls,8_balls/metadata/20250625_111046_166412_metadata.json
scratch/Ball_counting_CNN/ball_data_collection/8_balls/metadata/20250624_202942_474578_metadata.json,20250624_202942_474578,8,9,2025-06-24T20:31:09.656070,8_balls,8_balls/metadata/20250624_202942_474578_metadata.json
scratch/Ball_counting_CNN/ball_data_collection/8_balls/metadata/20250625_110426_902932_metadata.json,20250625_110426_902932,8,9,2025-06-25T11:05:50.046439,8_balls,8_balls/metadata/20250625_110426_902932_metadata.json
scratch/Ball_counting_CNN/ball_data_collection/8_balls/metadata/20250624_204618_857406_metadata.json,20250624_204618_857406,8,9,2025-06-24T20:48:14.053977,8_balls,8_balls/metadata/20250624_204618_857406_metadata.json
scratch/Ball_counting_CNN/ball_data_collection/8_balls/metadata/20250625_104505_388111_metadata.json,20250625_104505_388111,8,9,2025-06-25T10:46:36.210825,8_balls,8_balls/metadata/20250625_104505_388111_metadata.json
scratch/Ball_counting_CNN/ball_data_collection/8_balls/metadata/20250624_210037_591538_metadata.json,20250624_210037_591538,8,9,2025-06-24T21:02:19.705864,8_balls,8_balls/metadata/20250624_210037_591538_metadata.json
scratch/Ball_counting_CNN/ball_data_collection/8_balls/metadata/20250624_205414_926955_metadata.json,20250624_205414_926955,8,9,2025-06-24T20:55:42.857990,8_balls,8_balls/metadata/20250624_205414_926955_metadata.json
scratch/Ball_counting_CNN/ball_data_collection/8_balls/metadata/20250625_112852_978301_metadata.json,20250625_112852_978301,8,9,2025-06-25T11:30:31.907978,8_balls,8_balls/metadata/20250625_112852_978301_metadata.json
scratch/Ball_counting_CNN/ball_data_collection/8_balls/metadata/20250624_202004_705138_metadata.json,20250624_202004_705138,8,9,2025-06-24T20:21:26.344013,8_balls,8_balls/metadata/20250624_202004_705138_metadata.json
scratch/Ball_counting_CNN/ball_data_collection/8_balls/metadata/20250625_123445_837591_metadata.json,20250625_123445_837591,8,9,2025-06-25T12:36:26.217486,8_balls,8_balls/metadata/20250625_123445_837591_metadata.json
scratch/Ball_counting_CNN/ball_data_collection/8_balls/metadata/20250625_112524_730310_metadata.json,20250625_112524_730310,8,9,2025-06-25T11:26:47.568048,8_balls,8_balls/metadata/20250625_112524_730310_metadata.json
scratch/Ball_counting_CNN/ball_data_collection/8_balls/metadata/20250625_124525_228354_metadata.json,20250625_124525_228354,8,9,2025-06-25T12:47:09.700246,8_balls,8_balls/metadata/20250625_124525_228354_metadata.json
scratch/Ball_counting_CNN/ball_data_collection/8_balls/metadata/20250625_111853_220908_metadata.json,20250625_111853_220908,8,9,2025-06-25T11:20:13.642102,8_balls,8_balls/metadata/20250625_111853_220908_metadata.json
scratch/Ball_counting_CNN/ball_data_collection/8_balls/metadata/20250625_104816_560990_metadata.json,20250625_104816_560990,8,9,2025-06-25T10:50:01.497778,8_balls,8_balls/metadata/20250625_104816_560990_metadata.json
scratch/Ball_counting_CNN/ball_data_collection/8_balls/metadata/20250624_200358_346964_metadata.json,20250624_200358_346964,8,9,2025-06-24T20:05:30.876658,8_balls,8_balls/metadata/20250624_200358_346964_metadata.json
scratch/Ball_counting_CNN/ball_data_collection/8_balls/metadata/20250625_105454_252161_metadata.json,20250625_105454_252161,8,9,2025-06-25T10:56:46.979716,8_balls,8_balls/metadata/20250625_105454_252161_metadata.json
scratch/Ball_counting_CNN/ball_data_collection/8_balls/metadata/20250624_204015_535315_metadata.json,20250624_204015_535315,8,9,2025-06-24T20:41:50.478378,8_balls,8_balls/metadata/20250624_204015_535315_metadata.json
scratch/Ball_counting_CNN/ball_data_collection/8_balls/metadata/20250625_114957_045774_metadata.json,20250625_114957_045774,8,9,2025-06-25T11:51:36.691494,8_balls,8_balls/metadata/20250625_114957_045774_metadata.json
scratch/Ball_counting_CNN/ball_data_collection/8_balls/metadata/20250625_105125_286895_metadata.json,20250625_105125_286895,8,9,2025-06-25T10:52:59.883648,8_balls,8_balls/metadata/20250625_105125_286895_metadata.json
scratch/Ball_counting_CNN/ball_data_collection/8_balls/metadata/20250624_202248_791754_metadata.json,20250624_202248_791754,8,9,2025-06-24T20:24:37.668112,8_balls,8_balls/metadata/20250624_202248_791754_metadata.json
scratch/Ball_counting_CNN/ball_data_collection/8_balls/metadata/20250625_120822_229465_metadata.json,20250625_120822_229465,8,9,2025-06-25T12:09:42.925081,8_balls,8_balls/metadata/20250625_120822_229465_metadata.json
scratch/Ball_counting_CNN/ball_data_collection/9_balls/metadata/20250625_184403_315928_metadata.json,20250625_184403_315928,9,10,2025-06-25T18:45:41.317480,9_balls,9_balls/metadata/20250625_184403_315928_metadata.json
scratch/Ball_counting_CNN/ball_data_collection/9_balls/metadata/20250626_110145_107285_metadata.json,20250626_110145_107285,9,10,2025-06-26T11:03:20.666108,9_balls,9_balls/metadata/20250626_110145_107285_metadata.json
scratch/Ball_counting_CNN/ball_data_collection/9_balls/metadata/20250626_142354_353743_metadata.json,20250626_142354_353743,9,10,2025-06-26T14:25:40.401633,9_balls,9_balls/metadata/20250626_142354_353743_metadata.json
scratch/Ball_counting_CNN/ball_data_collection/9_balls/metadata/20250626_104521_122036_metadata.json,20250626_104521_122036,9,10,2025-06-26T10:47:10.801465,9_balls,9_balls/metadata/20250626_104521_122036_metadata.json
scratch/Ball_counting_CNN/ball_data_collection/9_balls/metadata/20250626_141555_586649_metadata.json,20250626_141555_586649,9,10,2025-06-26T14:17:41.485913,9_balls,9_balls/metadata/20250626_141555_586649_metadata.json
scratch/Ball_counting_CNN/ball_data_collection/9_balls/metadata/20250626_134858_353441_metadata.json,20250626_134858_353441,9,10,2025-06-26T13:50:39.540176,9_balls,9_balls/metadata/20250626_134858_353441_metadata.json
scratch/Ball_counting_CNN/ball_data_collection/9_balls/metadata/20250626_133221_353132_metadata.json,20250626_133221_353132,9,10,2025-06-26T13:34:11.518659,9_balls,9_balls/metadata/20250626_133221_353132_metadata.json
scratch/Ball_counting_CNN/ball_data_collection/9_balls/metadata/20250625_184717_892140_metadata.json,20250625_184717_892140,9,10,2025-06-25T18:48:56.103291,9_balls,9_balls/metadata/20250625_184717_892140_metadata.json
scratch/Ball_counting_CNN/ball_data_collection/9_balls/metadata/20250625_183620_219279_metadata.json,20250625_183620_219279,9,10,2025-06-25T18:38:26.392833,9_balls,9_balls/metadata/20250625_183620_219279_metadata.json
scratch/Ball_counting_CNN/ball_data_collection/9_balls/metadata/20250626_103215_269636_metadata.json,20250626_103215_269636,9,10,2025-06-26T10:34:01.526180,9_balls,9_balls/metadata/20250626_103215_269636_metadata.json
scratch/Ball_counting_CNN/ball_data_collection/9_balls/metadata/20250626_142052_850333_metadata.json,20250626_142052_850333,9,10,2025-06-26T14:22:39.648790,9_balls,9_balls/metadata/20250626_142052_850333_metadata.json
scratch/Ball_counting_CNN/ball_data_collection/9_balls/metadata/20250626_101925_250449_metadata.json,20250626_101925_250449,9,10,2025-06-26T10:21:08.802845,9_balls,9_balls/metadata/20250626_101925_250449_metadata.json
scratch/Ball_counting_CNN/ball_data_collection/9_balls/metadata/20250626_110510_960826_metadata.json,20250626_110510_960826,9,10,2025-06-26T11:06:59.698760,9_balls,9_balls/metadata/20250626_110510_960826_metadata.json
scratch/Ball_counting_CNN/ball_data_collection/9_balls/metadata/20250626_135159_393994_metadata.json,20250626_135159_393994,9,10,2025-06-26T13:53:50.800374,9_balls,9_balls/metadata/20250626_135159_393994_metadata.json
scratch/Ball_counting_CNN/ball_data_collection/9_balls/metadata/20250626_131407_746600_metadata.json,20250626_131407_746600,9,10,2025-06-26T13:15:56.761818,9_balls,9_balls/metadata/20250626_131407_746600_metadata.json
scratch/Ball_counting_CNN/ball_data_collection/9_balls/metadata/20250626_125627_727680_metadata.json,20250626_125627_727680,9,10,2025-06-26T12:58:16.446985,9_balls,9_balls/metadata/20250626_125627_727680_metadata.json
scratch/Ball_counting_CNN/ball_data_collection/9_balls/metadata/20250626_135534_818990_metadata.json,20250626_135534_818990,9,10,2025-06-26T13:57:17.556437,9_balls,9_balls/metadata/20250626_135534_818990_metadata.json
scratch/Ball_counting_CNN/ball_data_collection/9_balls/metadata/20250626_134507_041413_metadata.json,20250626_134507_041413,9,10,2025-06-26T13:46:59.608314,9_balls,9_balls/metadata/20250626_134507_041413_metadata.json
scratch/Ball_counting_CNN/ball_data_collection/9_balls/metadata/20250626_141223_144569_metadata.json,20250626_141223_144569,9,10,2025-06-26T14:14:08.640058,9_balls,9_balls/metadata/20250626_141223_144569_metadata.json
scratch/Ball_counting_CNN/ball_data_collection/9_balls/metadata/20250626_111108_738917_metadata.json,20250626_111108_738917,9,10,2025-06-26T11:12:54.648436,9_balls,9_balls/metadata/20250626_111108_738917_metadata.json
scratch/Ball_counting_CNN/ball_data_collection/9_balls/metadata/20250626_105044_066505_metadata.json,20250626_105044_066505,9,10,2025-06-26T10:52:33.244079,9_balls,9_balls/metadata/20250626_105044_066505_metadata.json
scratch/Ball_counting_CNN/ball_data_collection/9_balls/metadata/20250626_140546_057749_metadata.json,20250626_140546_057749,9,10,2025-06-26T14:07:28.599294,9_balls,9_balls/metadata/20250626_140546_057749_metadata.json
scratch/Ball_counting_CNN/ball_data_collection/9_balls/metadata/20250626_130506_110077_metadata.json,20250626_130506_110077,9,10,2025-06-26T13:06:58.555190,9_balls,9_balls/metadata/20250626_130506_110077_metadata.json
scratch/Ball_counting_CNN/ball_data_collection/9_balls/metadata/20250626_132906_791804_metadata.json,20250626_132906_791804,9,10,2025-06-26T13:30:54.991449,9_balls,9_balls/metadata/20250626_132906_791804_metadata.json
scratch/Ball_counting_CNN/ball_data_collection/9_balls/metadata/20250626_140858_193311_metadata.json,20250626_140858_193311,9,10,2025-06-26T14:10:25.129252,9_balls,9_balls/metadata/20250626_140858_193311_metadata.json
scratch/Ball_counting_CNN/ball_data_collection/9_balls/metadata/20250626_125113_634261_metadata.json,20250626_125113_634261,9,10,2025-06-26T12:53:04.973091,9_balls,9_balls/metadata/20250626_125113_634261_metadata.json
scratch/Ball_counting_CNN/ball_data_collection/9_balls/metadata/20250626_105648_063497_metadata.json,20250626_105648_063497,9,10,2025-06-26T10:58:31.940497,9_balls,9_balls/metadata/20250626_105648_063497_metadata.json
scratch/Ball_counting_CNN/ball_data_collection/9_balls/metadata/20250625_191343_737481_metadata.json,20250625_191343_737481,9,10,2025-06-25T19:15:12.832949,9_balls,9_balls/metadata/20250625_191343_737481_metadata.json
scratch/Ball_counting_CNN/ball_data_collection/9_balls/metadata/20250626_111415_912699_metadata.json,20250626_111415_912699,9,10,2025-06-26T11:16:07.158315,9_balls,9_balls/metadata/20250626_111415_912699_metadata.json
scratch/Ball_counting_CNN/ball_data_collection/9_balls/metadata/20250625_182648_595273_metadata.json,20250625_182648_595273,9,10,2025-06-25T18:28:19.366750,9_balls,9_balls/metadata/20250625_182648_595273_metadata.json
scratch/Ball_counting_CNN/ball_data_collection/9_balls/metadata/20250626_130117_431346_metadata.json,20250626_130117_431346,9,10,2025-06-26T13:03:01.456239,9_balls,9_balls/metadata/20250626_130117_431346_metadata.json
scratch/Ball_counting_CNN/ball_data_collection/9_balls/metadata/20250626_112040_254820_metadata.json,20250626_112040_254820,9,10,2025-06-26T11:22:25.500094,9_balls,9_balls/metadata/20250626_112040_254820_metadata.json
scratch/Ball_counting_CNN/ball_data_collection/9_balls/metadata/20250625_185014_983627_metadata.json,20250625_185014_983627,9,10,2025-06-25T18:51:53.287261,9_balls,9_balls/metadata/20250625_185014_983627_metadata.json
scratch/Ball_counting_CNN/ball_data_collection/9_balls/metadata/20250626_140204_842088_metadata.json,20250626_140204_842088,9,10,2025-06-26T14:04:02.570234,9_balls,9_balls/metadata/20250626_140204_842088_metadata.json
scratch/Ball_counting_CNN/ball_data_collection/9_balls/metadata/20250625_190257_235559_metadata.json,20250625_190257_235559,9,10,2025-06-25T19:04:30.076950,9_balls,9_balls/metadata/20250625_190257_235559_metadata.json
scratch/Ball_counting_CNN/ball_data_collection/9_balls/metadata/20250626_130809_103973_metadata.json,20250626_130809_103973,9,10,2025-06-26T13:09:44.003234,9_balls,9_balls/metadata/20250626_130809_103973_metadata.json
scratch/Ball_counting_CNN/ball_data_collection/10_balls/metadata/20250626_175000_010513_metadata.json,20250626_175000_010513,10,11,2025-06-26T17:52:17.640781,10_balls,10_balls/metadata/20250626_175000_010513_metadata.json
scratch/Ball_counting_CNN/ball_data_collection/10_balls/metadata/20250626_183806_321052_metadata.json,20250626_183806_321052,10,11,2025-06-26T18:39:59.394307,10_balls,10_balls/metadata/20250626_183806_321052_metadata.json
scratch/Ball_counting_CNN/ball_data_collection/10_balls/metadata/20250626_190321_643122_metadata.json,20250626_190321_643122,10,11,2025-06-26T19:05:16.116773,10_balls,10_balls/metadata/20250626_190321_643122_metadata.json
scratch/Ball_counting_CNN/ball_data_collection/10_balls/metadata/20250626_160306_570528_metadata.json,20250626_160306_570528,10,11,2025-06-26T16:05:02.014562,10_balls,10_balls/metadata/20250626_160306_570528_metadata.json
scratch/Ball_counting_CNN/ball_data_collection/10_balls/metadata/20250626_190820_076244_metadata.json,20250626_190820_076244,10,11,2025-06-26T19:10:16.216505,10_balls,10_balls/metadata/20250626_190820_076244_metadata.json
scratch/Ball_counting_CNN/ball_data_collection/10_balls/metadata/20250626_171525_362145_metadata.json,20250626_171525_362145,10,11,2025-06-26T17:17:12.148796,10_balls,10_balls/metadata/20250626_171525_362145_metadata.json
scratch/Ball_counting_CNN/ball_data_collection/10_balls/metadata/20250626_160645_746159_metadata.json,20250626_160645_746159,10,11,2025-06-26T16:08:40.308623,10_balls,10_balls/metadata/20250626_160645_746159_metadata.json
scratch/Ball_counting_CNN/ball_data_collection/10_balls/metadata/20250626_184543_050875_metadata.json,20250626_184543_050875,10,11,2025-06-26T18:47:38.166297,10_balls,10_balls/metadata/20250626_184543_050875_metadata.json
scratch/Ball_counting_CNN/ball_data_collection/10_balls/metadata/20250626_145823_657871_metadata.json,20250626_145823_657871,10,11,2025-06-26T15:00:33.900555,10_balls,10_balls/metadata/20250626_145823_657871_metadata.json
scratch/Ball_counting_CNN/ball_data_collection/10_balls/metadata/20250626_185612_451728_metadata.json,20250626_185612_451728,10,11,2025-06-26T18:58:03.730015,10_balls,10_balls/metadata/20250626_185612_451728_metadata.json
scratch/Ball_counting_CNN/ball_data_collection/10_balls/metadata/20250626_164855_682267_metadata.json,20250626_164855_682267,10,11,2025-06-26T16:50:44.143527,10_balls,10_balls/metadata/20250626_164855_682267_metadata.json
scratch/Ball_counting_CNN/ball_data_collection/10_balls/metadata/20250626_184150_963177_metadata.json,20250626_184150_963177,10,11,2025-06-26T18:43:46.911262,10_balls,10_balls/metadata/20250626_184150_963177_metadata.json
scratch/Ball_counting_CNN/ball_data_collection/10_balls/metadata/20250626_143624_614147_metadata.json,20250626_143624_614147,10,11,2025-06-26T14:38:14.906154,10_balls,10_balls/metadata/20250626_143624_614147_metadata.json
scratch/Ball_counting_CNN/ball_data_collection/10_balls/metadata/20250626_155907_619338_metadata.json,20250626_155907_619338,10,11,2025-06-26T16:01:01.585711,10_balls,10_balls/metadata/20250626_155907_619338_metadata.json
scratch/Ball_counting_CNN/ball_data_collection/10_balls/metadata/20250626_162029_650540_metadata.json,20250626_162029_650540,10,11,2025-06-26T16:22:31.438352,10_balls,10_balls/metadata/20250626_162029_650540_metadata.json
scratch/Ball_counting_CNN/ball_data_collection/10_balls/metadata/20250626_171831_139983_metadata.json,20250626_171831_139983,10,11,2025-06-26T17:20:28.955630,10_balls,10_balls/metadata/20250626_171831_139983_metadata.json
scratch/Ball_counting_CNN/ball_data_collection/10_balls/metadata/20250626_185934_018900_metadata.json,20250626_185934_018900,10,11,2025-06-26T19:01:35.327766,10_balls,10_balls/metadata/20250626_185934_018900_metadata.json
scratch/Ball_counting_CNN/ball_data_collection/10_balls/metadata/20250626_165321_107300_metadata.json,20250626_165321_107300,10,11,2025-06-26T16:55:27.869362,10_balls,10_balls/metadata/20250626_165321_107300_metadata.json
scratch/Ball_counting_CNN/ball_data_collection/10_balls/metadata/20250626_180214_898958_metadata.json,20250626_180214_898958,10,11,2025-06-26T18:03:53.270481,10_balls,10_balls/metadata/20250626_180214_898958_metadata.json
scratch/Ball_counting_CNN/ball_data_collection/10_balls/metadata/20250626_172846_371132_metadata.json,20250626_172846_371132,10,11,2025-06-26T17:30:42.602419,10_balls,10_balls/metadata/20250626_172846_371132_metadata.json
scratch/Ball_counting_CNN/ball_data_collection/10_balls/metadata/20250626_182553_138942_metadata.json,20250626_182553_138942,10,11,2025-06-26T18:27:42.950904,10_balls,10_balls/metadata/20250626_182553_138942_metadata.json
scratch/Ball_counting_CNN/ball_data_collection/10_balls/metadata/20250626_171147_619521_metadata.json,20250626_171147_619521,10,11,2025-06-26T17:13:40.226974,10_balls,10_balls/metadata/20250626_171147_619521_metadata.json
scratch/Ball_counting_CNN/ball_data_collection/10_balls/metadata/20250626_191311_244520_metadata.json,20250626_191311_244520,10,11,2025-06-26T19:15:19.791547,10_balls,10_balls/metadata/20250626_191311_244520_metadata.json
scratch/Ball_counting_CNN/ball_data_collection/10_balls/metadata/20250626_180757_364723_metadata.json,20250626_180757_364723,10,11,2025-06-26T18:09:43.992249,10_balls,10_balls/metadata/20250626_180757_364723_metadata.json
scratch/Ball_counting_CNN/ball_data_collection/10_balls/metadata/20250626_170342_668788_metadata.json,20250626_170342_668788,10,11,2025-06-26T17:05:26.450031,10_balls,10_balls/metadata/20250626_170342_668788_metadata.json
scratch/Ball_counting_CNN/ball_data_collection/10_balls/metadata/20250626_170741_346768_metadata.json,20250626_170741_346768,10,11,2025-06-26T17:09:26.959022,10_balls,10_balls/metadata/20250626_170741_346768_metadata.json
scratch/Ball_counting_CNN/ball_data_collection/10_balls/metadata/20250626_181632_164929_metadata.json,20250626_181632_164929,10,11,2025-06-26T18:18:43.580107,10_balls,10_balls/metadata/20250626_181632_164929_metadata.json
scratch/Ball_counting_CNN/ball_data_collection/10_balls/metadata/20250626_155449_161101_metadata.json,20250626_155449_161101,10,11,2025-06-26T15:56:48.733803,10_balls,10_balls/metadata/20250626_155449_161101_metadata.json
scratch/Ball_counting_CNN/ball_data_collection/10_balls/metadata/20250626_175913_576824_metadata.json,20250626_175913_576824,10,11,2025-06-26T18:00:51.918554,10_balls,10_balls/metadata/20250626_175913_576824_metadata.json
scratch/Ball_counting_CNN/ball_data_collection/10_balls/metadata/20250626_174448_459170_metadata.json,20250626_174448_459170,10,11,2025-06-26T17:46:38.831046,10_balls,10_balls/metadata/20250626_174448_459170_metadata.json
scratch/Ball_counting_CNN/ball_data_collection/10_balls/metadata/20250626_174038_865708_metadata.json,20250626_174038_865708,10,11,2025-06-26T17:42:37.559096,10_balls,10_balls/metadata/20250626_174038_865708_metadata.json
scratch/Ball_counting_CNN/ball_data_collection/10_balls/metadata/20250626_144716_433442_metadata.json,20250626_144716_433442,10,11,2025-06-26T14:49:26.072754,10_balls,10_balls/metadata/20250626_144716_433442_metadata.json
