json_path,sample_id,ball_count,sequence_length,collection_time,folder_name,relative_path
scratch/Ball_counting_CNN/ball_data_collection/1_balls/metadata/20250621_174359_612671_metadata.json,20250621_174359_612671,1,2,2025-06-21T17:44:20.161300,1_balls,1_balls/metadata/20250621_174359_612671_metadata.json
scratch/Ball_counting_CNN/ball_data_collection/1_balls/metadata/20250620_185430_104639_metadata.json,20250620_185430_104639,1,2,2025-06-20T18:54:47.220542,1_balls,1_balls/metadata/20250620_185430_104639_metadata.json
scratch/Ball_counting_CNN/ball_data_collection/1_balls/metadata/20250620_185728_759981_metadata.json,20250620_185728_759981,1,2,2025-06-20T18:57:38.570547,1_balls,1_balls/metadata/20250620_185728_759981_metadata.json
scratch/Ball_counting_CNN/ball_data_collection/1_balls/metadata/20250620_192159_575869_metadata.json,20250620_192159_575869,1,2,2025-06-20T19:22:09.386079,1_balls,1_balls/metadata/20250620_192159_575869_metadata.json
scratch/Ball_counting_CNN/ball_data_collection/1_balls/metadata/20250620_184404_624084_metadata.json,20250620_184404_624084,1,2,2025-06-20T18:44:09.677666,1_balls,1_balls/metadata/20250620_184404_624084_metadata.json
scratch/Ball_counting_CNN/ball_data_collection/1_balls/metadata/20250620_182645_727117_metadata.json,20250620_182645_727117,1,2,2025-06-20T18:26:58.041047,1_balls,1_balls/metadata/20250620_182645_727117_metadata.json
scratch/Ball_counting_CNN/ball_data_collection/1_balls/metadata/20250620_191404_816038_metadata.json,20250620_191404_816038,1,2,2025-06-20T19:14:13.524257,1_balls,1_balls/metadata/20250620_191404_816038_metadata.json
scratch/Ball_counting_CNN/ball_data_collection/1_balls/metadata/20250620_190304_840037_metadata.json,20250620_190304_840037,1,2,2025-06-20T19:03:08.853410,1_balls,1_balls/metadata/20250620_190304_840037_metadata.json
scratch/Ball_counting_CNN/ball_data_collection/1_balls/metadata/20250621_172926_596778_metadata.json,20250621_172926_596778,1,2,2025-06-21T17:29:29.251326,1_balls,1_balls/metadata/20250621_172926_596778_metadata.json
scratch/Ball_counting_CNN/ball_data_collection/1_balls/metadata/20250621_164751_228837_metadata.json,20250621_164751_228837,1,2,2025-06-21T16:48:01.177605,1_balls,1_balls/metadata/20250621_164751_228837_metadata.json
scratch/Ball_counting_CNN/ball_data_collection/1_balls/metadata/20250620_191555_671474_metadata.json,20250620_191555_671474,1,2,2025-06-20T19:16:01.899115,1_balls,1_balls/metadata/20250620_191555_671474_metadata.json
scratch/Ball_counting_CNN/ball_data_collection/1_balls/metadata/20250620_183401_880522_metadata.json,20250620_183401_880522,1,2,2025-06-20T18:34:14.077844,1_balls,1_balls/metadata/20250620_183401_880522_metadata.json
scratch/Ball_counting_CNN/ball_data_collection/1_balls/metadata/20250621_170803_326059_metadata.json,20250621_170803_326059,1,2,2025-06-21T17:08:08.395772,1_balls,1_balls/metadata/20250621_170803_326059_metadata.json
scratch/Ball_counting_CNN/ball_data_collection/1_balls/metadata/20250620_184708_472205_metadata.json,20250620_184708_472205,1,2,2025-06-20T18:47:14.758780,1_balls,1_balls/metadata/20250620_184708_472205_metadata.json
scratch/Ball_counting_CNN/ball_data_collection/1_balls/metadata/20250621_172611_949423_metadata.json,20250621_172611_949423,1,2,2025-06-21T17:26:19.283430,1_balls,1_balls/metadata/20250621_172611_949423_metadata.json
scratch/Ball_counting_CNN/ball_data_collection/1_balls/metadata/20250621_165209_245159_metadata.json,20250621_165209_245159,1,2,2025-06-21T16:52:28.674676,1_balls,1_balls/metadata/20250621_165209_245159_metadata.json
scratch/Ball_counting_CNN/ball_data_collection/1_balls/metadata/20250621_165334_972718_metadata.json,20250621_165334_972718,1,2,2025-06-21T16:53:54.252612,1_balls,1_balls/metadata/20250621_165334_972718_metadata.json
scratch/Ball_counting_CNN/ball_data_collection/1_balls/metadata/20250620_191833_416362_metadata.json,20250620_191833_416362,1,2,2025-06-20T19:18:44.699238,1_balls,1_balls/metadata/20250620_191833_416362_metadata.json
scratch/Ball_counting_CNN/ball_data_collection/1_balls/metadata/20250621_170313_677478_metadata.json,20250621_170313_677478,1,2,2025-06-21T17:03:20.024602,1_balls,1_balls/metadata/20250621_170313_677478_metadata.json
scratch/Ball_counting_CNN/ball_data_collection/1_balls/metadata/20250621_172942_428751_metadata.json,20250621_172942_428751,1,2,2025-06-21T17:29:46.271312,1_balls,1_balls/metadata/20250621_172942_428751_metadata.json
scratch/Ball_counting_CNN/ball_data_collection/1_balls/metadata/20250620_185004_759881_metadata.json,20250620_185004_759881,1,2,2025-06-20T18:50:13.326521,1_balls,1_balls/metadata/20250620_185004_759881_metadata.json
scratch/Ball_counting_CNN/ball_data_collection/1_balls/metadata/20250621_170414_748335_metadata.json,20250621_170414_748335,1,2,2025-06-21T17:04:33.001695,1_balls,1_balls/metadata/20250621_170414_748335_metadata.json
scratch/Ball_counting_CNN/ball_data_collection/1_balls/metadata/20250621_162744_588676_metadata.json,20250621_162744_588676,1,2,2025-06-21T16:28:13.426586,1_balls,1_balls/metadata/20250621_162744_588676_metadata.json
scratch/Ball_counting_CNN/ball_data_collection/1_balls/metadata/20250621_175054_196574_metadata.json,20250621_175054_196574,1,2,2025-06-21T17:51:15.967067,1_balls,1_balls/metadata/20250621_175054_196574_metadata.json
scratch/Ball_counting_CNN/ball_data_collection/1_balls/metadata/20250620_182627_000875_metadata.json,20250620_182627_000875,1,2,2025-06-20T18:26:40.096050,1_balls,1_balls/metadata/20250620_182627_000875_metadata.json
scratch/Ball_counting_CNN/ball_data_collection/1_balls/metadata/20250620_190313_943829_metadata.json,20250620_190313_943829,1,2,2025-06-20T19:03:21.370364,1_balls,1_balls/metadata/20250620_190313_943829_metadata.json
scratch/Ball_counting_CNN/ball_data_collection/1_balls/metadata/20250621_172320_173081_metadata.json,20250621_172320_173081,1,2,2025-06-21T17:23:43.252505,1_balls,1_balls/metadata/20250621_172320_173081_metadata.json
scratch/Ball_counting_CNN/ball_data_collection/1_balls/metadata/20250621_170534_396930_metadata.json,20250621_170534_396930,1,2,2025-06-21T17:05:39.655554,1_balls,1_balls/metadata/20250621_170534_396930_metadata.json
scratch/Ball_counting_CNN/ball_data_collection/1_balls/metadata/20250620_192509_288109_metadata.json,20250620_192509_288109,1,2,2025-06-20T19:25:16.688037,1_balls,1_balls/metadata/20250620_192509_288109_metadata.json
scratch/Ball_counting_CNN/ball_data_collection/1_balls/metadata/20250621_174450_860734_metadata.json,20250621_174450_860734,1,2,2025-06-21T17:44:58.178222,1_balls,1_balls/metadata/20250621_174450_860734_metadata.json
scratch/Ball_counting_CNN/ball_data_collection/1_balls/metadata/20250621_163019_357436_metadata.json,20250621_163019_357436,1,2,2025-06-21T16:30:32.500480,1_balls,1_balls/metadata/20250621_163019_357436_metadata.json
scratch/Ball_counting_CNN/ball_data_collection/1_balls/metadata/20250620_183636_080508_metadata.json,20250620_183636_080508,1,2,2025-06-20T18:36:55.462806,1_balls,1_balls/metadata/20250620_183636_080508_metadata.json
scratch/Ball_counting_CNN/ball_data_collection/1_balls/metadata/20250621_170510_173084_metadata.json,20250621_170510_173084,1,2,2025-06-21T17:05:15.041671,1_balls,1_balls/metadata/20250621_170510_173084_metadata.json
scratch/Ball_counting_CNN/ball_data_collection/1_balls/metadata/20250621_165309_261416_metadata.json,20250621_165309_261416,1,2,2025-06-21T16:53:28.858694,1_balls,1_balls/metadata/20250621_165309_261416_metadata.json
scratch/Ball_counting_CNN/ball_data_collection/1_balls/metadata/20250621_165849_196983_metadata.json,20250621_165849_196983,1,2,2025-06-21T16:58:55.417504,1_balls,1_balls/metadata/20250621_165849_196983_metadata.json
scratch/Ball_counting_CNN/ball_data_collection/1_balls/metadata/20250621_162817_548085_metadata.json,20250621_162817_548085,1,2,2025-06-21T16:28:41.794437,1_balls,1_balls/metadata/20250621_162817_548085_metadata.json
scratch/Ball_counting_CNN/ball_data_collection/1_balls/metadata/20250620_191726_360093_metadata.json,20250620_191726_360093,1,2,2025-06-20T19:17:33.855150,1_balls,1_balls/metadata/20250620_191726_360093_metadata.json
scratch/Ball_counting_CNN/ball_data_collection/1_balls/metadata/20250620_191326_008805_metadata.json,20250620_191326_008805,1,2,2025-06-20T19:13:43.175210,1_balls,1_balls/metadata/20250620_191326_008805_metadata.json
scratch/Ball_counting_CNN/ball_data_collection/1_balls/metadata/20250620_175722_192813_metadata.json,20250620_175722_192813,1,2,2025-06-20T17:57:29.577823,1_balls,1_balls/metadata/20250620_175722_192813_metadata.json
scratch/Ball_counting_CNN/ball_data_collection/1_balls/metadata/20250620_182930_312623_metadata.json,20250620_182930_312623,1,2,2025-06-20T18:29:47.521968,1_balls,1_balls/metadata/20250620_182930_312623_metadata.json
scratch/Ball_counting_CNN/ball_data_collection/1_balls/metadata/20250621_174749_732834_metadata.json,20250621_174749_732834,1,2,2025-06-21T17:48:00.607051,1_balls,1_balls/metadata/20250621_174749_732834_metadata.json
scratch/Ball_counting_CNN/ball_data_collection/1_balls/metadata/20250620_175617_001746_metadata.json,20250620_175617_001746,1,2,2025-06-20T17:56:31.230030,1_balls,1_balls/metadata/20250620_175617_001746_metadata.json
scratch/Ball_counting_CNN/ball_data_collection/1_balls/metadata/20250620_185556_553523_metadata.json,20250620_185556_553523,1,2,2025-06-20T18:56:23.009582,1_balls,1_balls/metadata/20250620_185556_553523_metadata.json
scratch/Ball_counting_CNN/ball_data_collection/1_balls/metadata/20250620_191131_744229_metadata.json,20250620_191131_744229,1,2,2025-06-20T19:12:01.897235,1_balls,1_balls/metadata/20250620_191131_744229_metadata.json
scratch/Ball_counting_CNN/ball_data_collection/1_balls/metadata/20250621_172452_140232_metadata.json,20250621_172452_140232,1,2,2025-06-21T17:25:09.362373,1_balls,1_balls/metadata/20250621_172452_140232_metadata.json
scratch/Ball_counting_CNN/ball_data_collection/1_balls/metadata/20250620_192449_304286_metadata.json,20250620_192449_304286,1,2,2025-06-20T19:25:00.490008,1_balls,1_balls/metadata/20250620_192449_304286_metadata.json
scratch/Ball_counting_CNN/ball_data_collection/1_balls/metadata/20250620_192434_816134_metadata.json,20250620_192434_816134,1,2,2025-06-20T19:24:36.470147,1_balls,1_balls/metadata/20250620_192434_816134_metadata.json
scratch/Ball_counting_CNN/ball_data_collection/1_balls/metadata/20250620_185706_632931_metadata.json,20250620_185706_632931,1,2,2025-06-20T18:57:21.437606,1_balls,1_balls/metadata/20250620_185706_632931_metadata.json
scratch/Ball_counting_CNN/ball_data_collection/1_balls/metadata/20250620_175800_193518_metadata.json,20250620_175800_193518,1,2,2025-06-20T17:58:08.812873,1_balls,1_balls/metadata/20250620_175800_193518_metadata.json
scratch/Ball_counting_CNN/ball_data_collection/1_balls/metadata/20250620_190454_023635_metadata.json,20250620_190454_023635,1,2,2025-06-20T19:05:12.249335,1_balls,1_balls/metadata/20250620_190454_023635_metadata.json
scratch/Ball_counting_CNN/ball_data_collection/1_balls/metadata/20250620_191252_392642_metadata.json,20250620_191252_392642,1,2,2025-06-20T19:13:12.939249,1_balls,1_balls/metadata/20250620_191252_392642_metadata.json
scratch/Ball_counting_CNN/ball_data_collection/1_balls/metadata/20250621_165638_092815_metadata.json,20250621_165638_092815,1,2,2025-06-21T16:56:41.881543,1_balls,1_balls/metadata/20250621_165638_092815_metadata.json
scratch/Ball_counting_CNN/ball_data_collection/1_balls/metadata/20250620_184344_089092_metadata.json,20250620_184344_089092,1,2,2025-06-20T18:43:45.640770,1_balls,1_balls/metadata/20250620_184344_089092_metadata.json
scratch/Ball_counting_CNN/ball_data_collection/1_balls/metadata/20250620_191748_671766_metadata.json,20250620_191748_671766,1,2,2025-06-20T19:18:02.133104,1_balls,1_balls/metadata/20250620_191748_671766_metadata.json
scratch/Ball_counting_CNN/ball_data_collection/1_balls/metadata/20250620_183509_320788_metadata.json,20250620_183509_320788,1,2,2025-06-20T18:35:34.824809,1_balls,1_balls/metadata/20250620_183509_320788_metadata.json
scratch/Ball_counting_CNN/ball_data_collection/1_balls/metadata/20250621_170340_725275_metadata.json,20250621_170340_725275,1,2,2025-06-21T17:03:46.932557,1_balls,1_balls/metadata/20250621_170340_725275_metadata.json
scratch/Ball_counting_CNN/ball_data_collection/1_balls/metadata/20250621_165517_396835_metadata.json,20250621_165517_396835,1,2,2025-06-21T16:55:27.063616,1_balls,1_balls/metadata/20250621_165517_396835_metadata.json
scratch/Ball_counting_CNN/ball_data_collection/1_balls/metadata/20250620_184221_424259_metadata.json,20250620_184221_424259,1,2,2025-06-20T18:42:44.414714,1_balls,1_balls/metadata/20250620_184221_424259_metadata.json
scratch/Ball_counting_CNN/ball_data_collection/1_balls/metadata/20250620_183051_175913_metadata.json,20250620_183051_175913,1,2,2025-06-20T18:31:04.807990,1_balls,1_balls/metadata/20250620_183051_175913_metadata.json
scratch/Ball_counting_CNN/ball_data_collection/1_balls/metadata/20250620_182811_016850_metadata.json,20250620_182811_016850,1,2,2025-06-20T18:28:25.991199,1_balls,1_balls/metadata/20250620_182811_016850_metadata.json
scratch/Ball_counting_CNN/ball_data_collection/1_balls/metadata/20250620_175912_225772_metadata.json,20250620_175912_225772,1,2,2025-06-20T17:59:32.841813,1_balls,1_balls/metadata/20250620_175912_225772_metadata.json
scratch/Ball_counting_CNN/ball_data_collection/1_balls/metadata/20250621_173116_019887_metadata.json,20250621_173116_019887,1,2,2025-06-21T17:31:22.256446,1_balls,1_balls/metadata/20250621_173116_019887_metadata.json
scratch/Ball_counting_CNN/ball_data_collection/1_balls/metadata/20250621_174149_845599_metadata.json,20250621_174149_845599,1,2,2025-06-21T17:42:13.077151,1_balls,1_balls/metadata/20250621_174149_845599_metadata.json
scratch/Ball_counting_CNN/ball_data_collection/1_balls/metadata/20250621_173053_268987_metadata.json,20250621_173053_268987,1,2,2025-06-21T17:30:57.245432,1_balls,1_balls/metadata/20250621_173053_268987_metadata.json
scratch/Ball_counting_CNN/ball_data_collection/1_balls/metadata/20250621_170222_852138_metadata.json,20250621_170222_852138,1,2,2025-06-21T17:02:28.921637,1_balls,1_balls/metadata/20250621_170222_852138_metadata.json
scratch/Ball_counting_CNN/ball_data_collection/1_balls/metadata/20250620_190133_799626_metadata.json,20250620_190133_799626,1,2,2025-06-20T19:01:37.675375,1_balls,1_balls/metadata/20250620_190133_799626_metadata.json
scratch/Ball_counting_CNN/ball_data_collection/1_balls/metadata/20250620_192415_552152_metadata.json,20250620_192415_552152,1,2,2025-06-20T19:24:22.938155,1_balls,1_balls/metadata/20250620_192415_552152_metadata.json
scratch/Ball_counting_CNN/ball_data_collection/1_balls/metadata/20250620_184353_552970_metadata.json,20250620_184353_552970,1,2,2025-06-20T18:43:58.729633,1_balls,1_balls/metadata/20250620_184353_552970_metadata.json
scratch/Ball_counting_CNN/ball_data_collection/1_balls/metadata/20250620_182701_064527_metadata.json,20250620_182701_064527,1,2,2025-06-20T18:27:14.576004,1_balls,1_balls/metadata/20250620_182701_064527_metadata.json
scratch/Ball_counting_CNN/ball_data_collection/1_balls/metadata/20250620_175635_785430_metadata.json,20250620_175635_785430,1,2,2025-06-20T17:56:48.022887,1_balls,1_balls/metadata/20250620_175635_785430_metadata.json
scratch/Ball_counting_CNN/ball_data_collection/1_balls/metadata/20250621_171705_973233_metadata.json,20250621_171705_973233,1,2,2025-06-21T17:17:22.990565,1_balls,1_balls/metadata/20250621_171705_973233_metadata.json
scratch/Ball_counting_CNN/ball_data_collection/1_balls/metadata/20250620_180300_785958_metadata.json,20250620_180300_785958,1,2,2025-06-20T18:03:33.692676,1_balls,1_balls/metadata/20250620_180300_785958_metadata.json
scratch/Ball_counting_CNN/ball_data_collection/1_balls/metadata/20250621_174504_011972_metadata.json,20250621_174504_011972,1,2,2025-06-21T17:45:12.680048,1_balls,1_balls/metadata/20250621_174504_011972_metadata.json
scratch/Ball_counting_CNN/ball_data_collection/1_balls/metadata/20250620_183431_552690_metadata.json,20250620_183431_552690,1,2,2025-06-20T18:34:43.704801,1_balls,1_balls/metadata/20250620_183431_552690_metadata.json
scratch/Ball_counting_CNN/ball_data_collection/1_balls/metadata/20250621_170113_988660_metadata.json,20250621_170113_988660,1,2,2025-06-21T17:01:28.754626,1_balls,1_balls/metadata/20250621_170113_988660_metadata.json
scratch/Ball_counting_CNN/ball_data_collection/1_balls/metadata/20250620_184010_713744_metadata.json,20250620_184010_713744,1,2,2025-06-20T18:40:23.016746,1_balls,1_balls/metadata/20250620_184010_713744_metadata.json
scratch/Ball_counting_CNN/ball_data_collection/1_balls/metadata/20250620_190923_543635_metadata.json,20250620_190923_543635,1,2,2025-06-20T19:09:42.907235,1_balls,1_balls/metadata/20250620_190923_543635_metadata.json
scratch/Ball_counting_CNN/ball_data_collection/1_balls/metadata/20250621_172639_700748_metadata.json,20250621_172639_700748,1,2,2025-06-21T17:26:43.815363,1_balls,1_balls/metadata/20250621_172639_700748_metadata.json
scratch/Ball_counting_CNN/ball_data_collection/1_balls/metadata/20250620_182956_328426_metadata.json,20250620_182956_328426,1,2,2025-06-20T18:30:03.673951,1_balls,1_balls/metadata/20250620_182956_328426_metadata.json
scratch/Ball_counting_CNN/ball_data_collection/1_balls/metadata/20250620_192335_903739_metadata.json,20250620_192335_903739,1,2,2025-06-20T19:23:45.837027,1_balls,1_balls/metadata/20250620_192335_903739_metadata.json
scratch/Ball_counting_CNN/ball_data_collection/1_balls/metadata/20250620_184827_073036_metadata.json,20250620_184827_073036,1,2,2025-06-20T18:48:35.432555,1_balls,1_balls/metadata/20250620_184827_073036_metadata.json
scratch/Ball_counting_CNN/ball_data_collection/1_balls/metadata/20250621_170857_853588_metadata.json,20250621_170857_853588,1,2,2025-06-21T17:09:25.011762,1_balls,1_balls/metadata/20250621_170857_853588_metadata.json
scratch/Ball_counting_CNN/ball_data_collection/1_balls/metadata/20250621_171845_260873_metadata.json,20250621_171845_260873,1,2,2025-06-21T17:19:04.826516,1_balls,1_balls/metadata/20250621_171845_260873_metadata.json
scratch/Ball_counting_CNN/ball_data_collection/1_balls/metadata/20250621_171446_533571_metadata.json,20250621_171446_533571,1,2,2025-06-21T17:14:58.519623,1_balls,1_balls/metadata/20250621_171446_533571_metadata.json
scratch/Ball_counting_CNN/ball_data_collection/1_balls/metadata/20250621_175322_524831_metadata.json,20250621_175322_524831,1,2,2025-06-21T17:53:46.810019,1_balls,1_balls/metadata/20250621_175322_524831_metadata.json
scratch/Ball_counting_CNN/ball_data_collection/1_balls/metadata/20250621_173001_181411_metadata.json,20250621_173001_181411,1,2,2025-06-21T17:30:15.792554,1_balls,1_balls/metadata/20250621_173001_181411_metadata.json
scratch/Ball_counting_CNN/ball_data_collection/1_balls/metadata/20250621_172555_108283_metadata.json,20250621_172555_108283,1,2,2025-06-21T17:26:06.116470,1_balls,1_balls/metadata/20250621_172555_108283_metadata.json
scratch/Ball_counting_CNN/ball_data_collection/1_balls/metadata/20250621_164444_875491_metadata.json,20250621_164444_875491,1,2,2025-06-21T16:45:02.021530,1_balls,1_balls/metadata/20250621_164444_875491_metadata.json
scratch/Ball_counting_CNN/ball_data_collection/1_balls/metadata/20250621_172657_683994_metadata.json,20250621_172657_683994,1,2,2025-06-21T17:27:05.230362,1_balls,1_balls/metadata/20250621_172657_683994_metadata.json
scratch/Ball_counting_CNN/ball_data_collection/1_balls/metadata/20250620_180832_712555_metadata.json,20250620_180832_712555,1,2,2025-06-20T18:08:41.711523,1_balls,1_balls/metadata/20250620_180832_712555_metadata.json
scratch/Ball_counting_CNN/ball_data_collection/1_balls/metadata/20250621_170146_796782_metadata.json,20250621_170146_796782,1,2,2025-06-21T17:01:51.962635,1_balls,1_balls/metadata/20250621_170146_796782_metadata.json
scratch/Ball_counting_CNN/ball_data_collection/1_balls/metadata/20250620_175604_673973_metadata.json,20250620_175604_673973,1,2,2025-06-20T17:56:13.318872,1_balls,1_balls/metadata/20250620_175604_673973_metadata.json
scratch/Ball_counting_CNN/ball_data_collection/1_balls/metadata/20250621_174123_541102_metadata.json,20250621_174123_541102,1,2,2025-06-21T17:41:29.701383,1_balls,1_balls/metadata/20250621_174123_541102_metadata.json
scratch/Ball_counting_CNN/ball_data_collection/1_balls/metadata/20250620_183345_528517_metadata.json,20250620_183345_528517,1,2,2025-06-20T18:33:57.743933,1_balls,1_balls/metadata/20250620_183345_528517_metadata.json
scratch/Ball_counting_CNN/ball_data_collection/1_balls/metadata/20250621_171759_941074_metadata.json,20250621_171759_941074,1,2,2025-06-21T17:18:18.188609,1_balls,1_balls/metadata/20250621_171759_941074_metadata.json
scratch/Ball_counting_CNN/ball_data_collection/1_balls/metadata/20250620_182459_848114_metadata.json,20250620_182459_848114,1,2,2025-06-20T18:25:15.845123,1_balls,1_balls/metadata/20250620_182459_848114_metadata.json
scratch/Ball_counting_CNN/ball_data_collection/1_balls/metadata/20250621_175212_036969_metadata.json,20250621_175212_036969,1,2,2025-06-21T17:52:22.091037,1_balls,1_balls/metadata/20250621_175212_036969_metadata.json
scratch/Ball_counting_CNN/ball_data_collection/1_balls/metadata/20250620_192114_160305_metadata.json,20250620_192114_160305,1,2,2025-06-20T19:21:20.368138,1_balls,1_balls/metadata/20250620_192114_160305_metadata.json
scratch/Ball_counting_CNN/ball_data_collection/1_balls/metadata/20250621_165400_757203_metadata.json,20250621_165400_757203,1,2,2025-06-21T16:54:14.232576,1_balls,1_balls/metadata/20250621_165400_757203_metadata.json
scratch/Ball_counting_CNN/ball_data_collection/1_balls/metadata/20250621_165900_628319_metadata.json,20250621_165900_628319,1,2,2025-06-21T16:59:11.797670,1_balls,1_balls/metadata/20250621_165900_628319_metadata.json
scratch/Ball_counting_CNN/ball_data_collection/1_balls/metadata/20250621_174735_220926_metadata.json,20250621_174735_220926,1,2,2025-06-21T17:47:41.425142,1_balls,1_balls/metadata/20250621_174735_220926_metadata.json
scratch/Ball_counting_CNN/ball_data_collection/1_balls/metadata/20250621_174326_395998_metadata.json,20250621_174326_395998,1,2,2025-06-21T17:43:50.479084,1_balls,1_balls/metadata/20250621_174326_395998_metadata.json
scratch/Ball_counting_CNN/ball_data_collection/1_balls/metadata/20250620_184907_456187_metadata.json,20250620_184907_456187,1,2,2025-06-20T18:49:21.036584,1_balls,1_balls/metadata/20250620_184907_456187_metadata.json
scratch/Ball_counting_CNN/ball_data_collection/1_balls/metadata/20250621_165605_525478_metadata.json,20250621_165605_525478,1,2,2025-06-21T16:56:15.560484,1_balls,1_balls/metadata/20250621_165605_525478_metadata.json
scratch/Ball_counting_CNN/ball_data_collection/1_balls/metadata/20250620_184814_936468_metadata.json,20250620_184814_936468,1,2,2025-06-20T18:48:18.757547,1_balls,1_balls/metadata/20250620_184814_936468_metadata.json
scratch/Ball_counting_CNN/ball_data_collection/1_balls/metadata/20250620_191050_071717_metadata.json,20250620_191050_071717,1,2,2025-06-20T19:11:05.867227,1_balls,1_balls/metadata/20250620_191050_071717_metadata.json
scratch/Ball_counting_CNN/ball_data_collection/1_balls/metadata/20250620_190626_247995_metadata.json,20250620_190626_247995,1,2,2025-06-20T19:06:29.041398,1_balls,1_balls/metadata/20250620_190626_247995_metadata.json
scratch/Ball_counting_CNN/ball_data_collection/1_balls/metadata/20250621_172841_092183_metadata.json,20250621_172841_092183,1,2,2025-06-21T17:28:43.716449,1_balls,1_balls/metadata/20250621_172841_092183_metadata.json
scratch/Ball_counting_CNN/ball_data_collection/1_balls/metadata/20250621_172709_300379_metadata.json,20250621_172709_300379,1,2,2025-06-21T17:27:15.537480,1_balls,1_balls/metadata/20250621_172709_300379_metadata.json
scratch/Ball_counting_CNN/ball_data_collection/1_balls/metadata/20250620_191536_471228_metadata.json,20250620_191536_471228,1,2,2025-06-20T19:15:38.075211,1_balls,1_balls/metadata/20250620_191536_471228_metadata.json
scratch/Ball_counting_CNN/ball_data_collection/1_balls/metadata/20250620_183932_961484_metadata.json,20250620_183932_961484,1,2,2025-06-20T18:39:44.846722,1_balls,1_balls/metadata/20250620_183932_961484_metadata.json
scratch/Ball_counting_CNN/ball_data_collection/1_balls/metadata/20250621_175144_021018_metadata.json,20250621_175144_021018,1,2,2025-06-21T17:51:54.098034,1_balls,1_balls/metadata/20250621_175144_021018_metadata.json
scratch/Ball_counting_CNN/ball_data_collection/1_balls/metadata/20250621_174652_836649_metadata.json,20250621_174652_836649,1,2,2025-06-21T17:46:59.039090,1_balls,1_balls/metadata/20250621_174652_836649_metadata.json
scratch/Ball_counting_CNN/ball_data_collection/1_balls/metadata/20250621_172915_492733_metadata.json,20250621_172915_492733,1,2,2025-06-21T17:29:21.818463,1_balls,1_balls/metadata/20250621_172915_492733_metadata.json
scratch/Ball_counting_CNN/ball_data_collection/1_balls/metadata/20250620_180004_633336_metadata.json,20250620_180004_633336,1,2,2025-06-20T18:00:27.633836,1_balls,1_balls/metadata/20250620_180004_633336_metadata.json
scratch/Ball_counting_CNN/ball_data_collection/1_balls/metadata/20250621_172806_948242_metadata.json,20250621_172806_948242,1,2,2025-06-21T17:28:13.119395,1_balls,1_balls/metadata/20250621_172806_948242_metadata.json
scratch/Ball_counting_CNN/ball_data_collection/1_balls/metadata/20250620_183835_400448_metadata.json,20250620_183835_400448,1,2,2025-06-20T18:38:46.597738,1_balls,1_balls/metadata/20250620_183835_400448_metadata.json
scratch/Ball_counting_CNN/ball_data_collection/1_balls/metadata/20250621_170607_772815_metadata.json,20250621_170607_772815,1,2,2025-06-21T17:06:27.253741,1_balls,1_balls/metadata/20250621_170607_772815_metadata.json
scratch/Ball_counting_CNN/ball_data_collection/1_balls/metadata/20250620_185135_496379_metadata.json,20250620_185135_496379,1,2,2025-06-20T18:51:51.583690,1_balls,1_balls/metadata/20250620_185135_496379_metadata.json
scratch/Ball_counting_CNN/ball_data_collection/1_balls/metadata/20250621_163117_836730_metadata.json,20250621_163117_836730,1,2,2025-06-21T16:31:29.983443,1_balls,1_balls/metadata/20250621_163117_836730_metadata.json
scratch/Ball_counting_CNN/ball_data_collection/1_balls/metadata/20250621_165420_237422_metadata.json,20250621_165420_237422,1,2,2025-06-21T16:54:27.753533,1_balls,1_balls/metadata/20250621_165420_237422_metadata.json
scratch/Ball_counting_CNN/ball_data_collection/1_balls/metadata/20250621_171310_693970_metadata.json,20250621_171310_693970,1,2,2025-06-21T17:13:15.746739,1_balls,1_balls/metadata/20250621_171310_693970_metadata.json
scratch/Ball_counting_CNN/ball_data_collection/1_balls/metadata/20250620_184150_536837_metadata.json,20250620_184150_536837,1,2,2025-06-20T18:42:13.412740,1_balls,1_balls/metadata/20250620_184150_536837_metadata.json
scratch/Ball_counting_CNN/ball_data_collection/1_balls/metadata/20250621_170744_996029_metadata.json,20250621_170744_996029,1,2,2025-06-21T17:07:57.350776,1_balls,1_balls/metadata/20250621_170744_996029_metadata.json
scratch/Ball_counting_CNN/ball_data_collection/1_balls/metadata/20250621_165449_701302_metadata.json,20250621_165449_701302,1,2,2025-06-21T16:54:59.701569,1_balls,1_balls/metadata/20250621_165449_701302_metadata.json
scratch/Ball_counting_CNN/ball_data_collection/1_balls/metadata/20250620_180651_752838_metadata.json,20250620_180651_752838,1,2,2025-06-20T18:07:02.902645,1_balls,1_balls/metadata/20250620_180651_752838_metadata.json
scratch/Ball_counting_CNN/ball_data_collection/1_balls/metadata/20250621_164832_748242_metadata.json,20250621_164832_748242,1,2,2025-06-21T16:48:55.796536,1_balls,1_balls/metadata/20250621_164832_748242_metadata.json
scratch/Ball_counting_CNN/ball_data_collection/1_balls/metadata/20250620_183014_103916_metadata.json,20250620_183014_103916,1,2,2025-06-20T18:30:27.558041,1_balls,1_balls/metadata/20250620_183014_103916_metadata.json
scratch/Ball_counting_CNN/ball_data_collection/1_balls/metadata/20250621_164353_763089_metadata.json,20250621_164353_763089,1,2,2025-06-21T16:44:18.034792,1_balls,1_balls/metadata/20250621_164353_763089_metadata.json
scratch/Ball_counting_CNN/ball_data_collection/1_balls/metadata/20250620_190600_336483_metadata.json,20250620_190600_336483,1,2,2025-06-20T19:06:07.894345,1_balls,1_balls/metadata/20250620_190600_336483_metadata.json
scratch/Ball_counting_CNN/ball_data_collection/1_balls/metadata/20250620_183254_208674_metadata.json,20250620_183254_208674,1,2,2025-06-20T18:32:55.834865,1_balls,1_balls/metadata/20250620_183254_208674_metadata.json
scratch/Ball_counting_CNN/ball_data_collection/1_balls/metadata/20250620_182536_704989_metadata.json,20250620_182536_704989,1,2,2025-06-20T18:25:47.499086,1_balls,1_balls/metadata/20250620_182536_704989_metadata.json
scratch/Ball_counting_CNN/ball_data_collection/1_balls/metadata/20250621_175122_675809_metadata.json,20250621_175122_675809,1,2,2025-06-21T17:51:39.713979,1_balls,1_balls/metadata/20250621_175122_675809_metadata.json
scratch/Ball_counting_CNN/ball_data_collection/1_balls/metadata/20250620_182753_152248_metadata.json,20250620_182753_152248,1,2,2025-06-20T18:28:07.865062,1_balls,1_balls/metadata/20250620_182753_152248_metadata.json
scratch/Ball_counting_CNN/ball_data_collection/1_balls/metadata/20250621_171823_237828_metadata.json,20250621_171823_237828,1,2,2025-06-21T17:18:42.774567,1_balls,1_balls/metadata/20250621_171823_237828_metadata.json
scratch/Ball_counting_CNN/ball_data_collection/1_balls/metadata/20250620_183909_800986_metadata.json,20250620_183909_800986,1,2,2025-06-20T18:39:21.688820,1_balls,1_balls/metadata/20250620_183909_800986_metadata.json
scratch/Ball_counting_CNN/ball_data_collection/1_balls/metadata/20250621_170724_804647_metadata.json,20250621_170724_804647,1,2,2025-06-21T17:07:37.197817,1_balls,1_balls/metadata/20250621_170724_804647_metadata.json
scratch/Ball_counting_CNN/ball_data_collection/1_balls/metadata/20250620_180416_833705_metadata.json,20250620_180416_833705,1,2,2025-06-20T18:04:29.041654,1_balls,1_balls/metadata/20250620_180416_833705_metadata.json
scratch/Ball_counting_CNN/ball_data_collection/1_balls/metadata/20250621_170701_019463_metadata.json,20250621_170701_019463,1,2,2025-06-21T17:07:08.586749,1_balls,1_balls/metadata/20250621_170701_019463_metadata.json
scratch/Ball_counting_CNN/ball_data_collection/1_balls/metadata/20250621_174243_276458_metadata.json,20250621_174243_276458,1,2,2025-06-21T17:42:50.644071,1_balls,1_balls/metadata/20250621_174243_276458_metadata.json
scratch/Ball_counting_CNN/ball_data_collection/1_balls/metadata/20250621_174932_732885_metadata.json,20250621_174932_732885,1,2,2025-06-21T17:49:41.428007,1_balls,1_balls/metadata/20250621_174932_732885_metadata.json
scratch/Ball_counting_CNN/ball_data_collection/1_balls/metadata/20250620_182722_480836_metadata.json,20250620_182722_480836,1,2,2025-06-20T18:27:45.395056,1_balls,1_balls/metadata/20250620_182722_480836_metadata.json
scratch/Ball_counting_CNN/ball_data_collection/1_balls/metadata/20250621_164529_468701_metadata.json,20250621_164529_468701,1,2,2025-06-21T16:45:39.056699,1_balls,1_balls/metadata/20250621_164529_468701_metadata.json
scratch/Ball_counting_CNN/ball_data_collection/1_balls/metadata/20250620_192247_536627_metadata.json,20250620_192247_536627,1,2,2025-06-20T19:22:55.001112,1_balls,1_balls/metadata/20250620_192247_536627_metadata.json
scratch/Ball_counting_CNN/ball_data_collection/1_balls/metadata/20250620_190634_431763_metadata.json,20250620_190634_431763,1,2,2025-06-20T19:06:38.266349,1_balls,1_balls/metadata/20250620_190634_431763_metadata.json
scratch/Ball_counting_CNN/ball_data_collection/1_balls/metadata/20250621_172252_252846_metadata.json,20250621_172252_252846,1,2,2025-06-21T17:23:16.435461,1_balls,1_balls/metadata/20250621_172252_252846_metadata.json
scratch/Ball_counting_CNN/ball_data_collection/1_balls/metadata/20250621_173141_627989_metadata.json,20250621_173141_627989,1,2,2025-06-21T17:31:51.821295,1_balls,1_balls/metadata/20250621_173141_627989_metadata.json
scratch/Ball_counting_CNN/ball_data_collection/1_balls/metadata/20250621_175243_538246_metadata.json,20250621_175243_538246,1,2,2025-06-21T17:53:11.268026,1_balls,1_balls/metadata/20250621_175243_538246_metadata.json
scratch/Ball_counting_CNN/ball_data_collection/1_balls/metadata/20250621_174946_947530_metadata.json,20250621_174946_947530,1,2,2025-06-21T17:49:55.730027,1_balls,1_balls/metadata/20250621_174946_947530_metadata.json
scratch/Ball_counting_CNN/ball_data_collection/1_balls/metadata/20250620_182441_793242_metadata.json,20250620_182441_793242,1,2,2025-06-20T18:24:55.457093,1_balls,1_balls/metadata/20250620_182441_793242_metadata.json
scratch/Ball_counting_CNN/ball_data_collection/1_balls/metadata/20250620_190238_352907_metadata.json,20250620_190238_352907,1,2,2025-06-20T19:02:47.929433,1_balls,1_balls/metadata/20250620_190238_352907_metadata.json
scratch/Ball_counting_CNN/ball_data_collection/1_balls/metadata/20250621_174232_228392_metadata.json,20250621_174232_228392,1,2,2025-06-21T17:42:39.708105,1_balls,1_balls/metadata/20250621_174232_228392_metadata.json
scratch/Ball_counting_CNN/ball_data_collection/1_balls/metadata/20250621_163348_684929_metadata.json,20250621_163348_684929,1,2,2025-06-21T16:34:11.858608,1_balls,1_balls/metadata/20250621_163348_684929_metadata.json
scratch/Ball_counting_CNN/ball_data_collection/1_balls/metadata/20250620_185349_888849_metadata.json,20250620_185349_888849,1,2,2025-06-20T18:54:01.596616,1_balls,1_balls/metadata/20250620_185349_888849_metadata.json
scratch/Ball_counting_CNN/ball_data_collection/1_balls/metadata/20250620_180846_952335_metadata.json,20250620_180846_952335,1,2,2025-06-20T18:08:57.756559,1_balls,1_balls/metadata/20250620_180846_952335_metadata.json
scratch/Ball_counting_CNN/ball_data_collection/1_balls/metadata/20250621_164546_725189_metadata.json,20250621_164546_725189,1,2,2025-06-21T16:45:50.634606,1_balls,1_balls/metadata/20250621_164546_725189_metadata.json
scratch/Ball_counting_CNN/ball_data_collection/1_balls/metadata/20250620_190142_208778_metadata.json,20250620_190142_208778,1,2,2025-06-20T19:01:48.676431,1_balls,1_balls/metadata/20250620_190142_208778_metadata.json
scratch/Ball_counting_CNN/ball_data_collection/1_balls/metadata/20250620_191644_239901_metadata.json,20250620_191644_239901,1,2,2025-06-20T19:16:49.413146,1_balls,1_balls/metadata/20250620_191644_239901_metadata.json
scratch/Ball_counting_CNN/ball_data_collection/1_balls/metadata/20250620_184944_200708_metadata.json,20250620_184944_200708,1,2,2025-06-20T18:50:00.157592,1_balls,1_balls/metadata/20250620_184944_200708_metadata.json
scratch/Ball_counting_CNN/ball_data_collection/1_balls/metadata/20250621_171332_469624_metadata.json,20250621_171332_469624,1,2,2025-06-21T17:13:37.664564,1_balls,1_balls/metadata/20250621_171332_469624_metadata.json
scratch/Ball_counting_CNN/ball_data_collection/1_balls/metadata/20250621_163135_980132_metadata.json,20250621_163135_980132,1,2,2025-06-21T16:31:51.702570,1_balls,1_balls/metadata/20250621_163135_980132_metadata.json
scratch/Ball_counting_CNN/ball_data_collection/1_balls/metadata/20250620_191858_871823_metadata.json,20250620_191858_871823,1,2,2025-06-20T19:19:10.156315,1_balls,1_balls/metadata/20250620_191858_871823_metadata.json
scratch/Ball_counting_CNN/ball_data_collection/2_balls/metadata/20250621_182701_011811_metadata.json,20250621_182701_011811,2,3,2025-06-21T18:27:22.908320,2_balls,2_balls/metadata/20250621_182701_011811_metadata.json
scratch/Ball_counting_CNN/ball_data_collection/2_balls/metadata/20250621_221229_834899_metadata.json,20250621_221229_834899,2,3,2025-06-21T22:12:52.857854,2_balls,2_balls/metadata/20250621_221229_834899_metadata.json
scratch/Ball_counting_CNN/ball_data_collection/2_balls/metadata/20250621_215354_970091_metadata.json,20250621_215354_970091,2,3,2025-06-21T21:54:19.181134,2_balls,2_balls/metadata/20250621_215354_970091_metadata.json
scratch/Ball_counting_CNN/ball_data_collection/2_balls/metadata/20250621_190505_011610_metadata.json,20250621_190505_011610,2,3,2025-06-21T19:05:34.013888,2_balls,2_balls/metadata/20250621_190505_011610_metadata.json
scratch/Ball_counting_CNN/ball_data_collection/2_balls/metadata/20250621_184215_276743_metadata.json,20250621_184215_276743,2,3,2025-06-21T18:42:39.823077,2_balls,2_balls/metadata/20250621_184215_276743_metadata.json
scratch/Ball_counting_CNN/ball_data_collection/2_balls/metadata/20250621_182808_763859_metadata.json,20250621_182808_763859,2,3,2025-06-21T18:28:30.279274,2_balls,2_balls/metadata/20250621_182808_763859_metadata.json
scratch/Ball_counting_CNN/ball_data_collection/2_balls/metadata/20250621_210622_507316_metadata.json,20250621_210622_507316,2,3,2025-06-21T21:06:52.745027,2_balls,2_balls/metadata/20250621_210622_507316_metadata.json
scratch/Ball_counting_CNN/ball_data_collection/2_balls/metadata/20250621_211452_818846_metadata.json,20250621_211452_818846,2,3,2025-06-21T21:15:07.783841,2_balls,2_balls/metadata/20250621_211452_818846_metadata.json
scratch/Ball_counting_CNN/ball_data_collection/2_balls/metadata/20250621_205811_274918_metadata.json,20250621_205811_274918,2,3,2025-06-21T20:58:42.634237,2_balls,2_balls/metadata/20250621_205811_274918_metadata.json
scratch/Ball_counting_CNN/ball_data_collection/2_balls/metadata/20250621_190208_139457_metadata.json,20250621_190208_139457,2,3,2025-06-21T19:02:29.999053,2_balls,2_balls/metadata/20250621_190208_139457_metadata.json
scratch/Ball_counting_CNN/ball_data_collection/2_balls/metadata/20250621_221017_259328_metadata.json,20250621_221017_259328,2,3,2025-06-21T22:10:59.139892,2_balls,2_balls/metadata/20250621_221017_259328_metadata.json
scratch/Ball_counting_CNN/ball_data_collection/2_balls/metadata/20250621_212742_642940_metadata.json,20250621_212742_642940,2,3,2025-06-21T21:28:08.134596,2_balls,2_balls/metadata/20250621_212742_642940_metadata.json
scratch/Ball_counting_CNN/ball_data_collection/2_balls/metadata/20250621_213422_435317_metadata.json,20250621_213422_435317,2,3,2025-06-21T21:34:46.496456,2_balls,2_balls/metadata/20250621_213422_435317_metadata.json
scratch/Ball_counting_CNN/ball_data_collection/2_balls/metadata/20250621_183219_764367_metadata.json,20250621_183219_764367,2,3,2025-06-21T18:33:00.645348,2_balls,2_balls/metadata/20250621_183219_764367_metadata.json
scratch/Ball_counting_CNN/ball_data_collection/2_balls/metadata/20250621_210139_435686_metadata.json,20250621_210139_435686,2,3,2025-06-21T21:01:57.886119,2_balls,2_balls/metadata/20250621_210139_435686_metadata.json
scratch/Ball_counting_CNN/ball_data_collection/2_balls/metadata/20250621_184429_379788_metadata.json,20250621_184429_379788,2,3,2025-06-21T18:44:55.156132,2_balls,2_balls/metadata/20250621_184429_379788_metadata.json
scratch/Ball_counting_CNN/ball_data_collection/2_balls/metadata/20250621_211015_843145_metadata.json,20250621_211015_843145,2,3,2025-06-21T21:10:27.195893,2_balls,2_balls/metadata/20250621_211015_843145_metadata.json
scratch/Ball_counting_CNN/ball_data_collection/2_balls/metadata/20250621_184901_563398_metadata.json,20250621_184901_563398,2,3,2025-06-21T18:49:16.193033,2_balls,2_balls/metadata/20250621_184901_563398_metadata.json
scratch/Ball_counting_CNN/ball_data_collection/2_balls/metadata/20250621_213342_267617_metadata.json,20250621_213342_267617,2,3,2025-06-21T21:34:12.525502,2_balls,2_balls/metadata/20250621_213342_267617_metadata.json
scratch/Ball_counting_CNN/ball_data_collection/2_balls/metadata/20250621_181829_140413_metadata.json,20250621_181829_140413,2,3,2025-06-21T18:18:59.123432,2_balls,2_balls/metadata/20250621_181829_140413_metadata.json
scratch/Ball_counting_CNN/ball_data_collection/2_balls/metadata/20250621_184632_755554_metadata.json,20250621_184632_755554,2,3,2025-06-21T18:46:49.770104,2_balls,2_balls/metadata/20250621_184632_755554_metadata.json
scratch/Ball_counting_CNN/ball_data_collection/2_balls/metadata/20250621_182611_348043_metadata.json,20250621_182611_348043,2,3,2025-06-21T18:26:55.784414,2_balls,2_balls/metadata/20250621_182611_348043_metadata.json
scratch/Ball_counting_CNN/ball_data_collection/2_balls/metadata/20250621_205727_898897_metadata.json,20250621_205727_898897,2,3,2025-06-21T20:58:02.763222,2_balls,2_balls/metadata/20250621_205727_898897_metadata.json
scratch/Ball_counting_CNN/ball_data_collection/2_balls/metadata/20250621_220029_931442_metadata.json,20250621_220029_931442,2,3,2025-06-21T22:00:54.338112,2_balls,2_balls/metadata/20250621_220029_931442_metadata.json
scratch/Ball_counting_CNN/ball_data_collection/2_balls/metadata/20250621_205452_123755_metadata.json,20250621_205452_123755,2,3,2025-06-21T20:55:29.389148,2_balls,2_balls/metadata/20250621_205452_123755_metadata.json
scratch/Ball_counting_CNN/ball_data_collection/2_balls/metadata/20250621_215902_411043_metadata.json,20250621_215902_411043,2,3,2025-06-21T21:59:22.905153,2_balls,2_balls/metadata/20250621_215902_411043_metadata.json
scratch/Ball_counting_CNN/ball_data_collection/2_balls/metadata/20250621_211254_219552_metadata.json,20250621_211254_219552,2,3,2025-06-21T21:13:16.225870,2_balls,2_balls/metadata/20250621_211254_219552_metadata.json
scratch/Ball_counting_CNN/ball_data_collection/2_balls/metadata/20250621_191734_755615_metadata.json,20250621_191734_755615,2,3,2025-06-21T19:17:50.530395,2_balls,2_balls/metadata/20250621_191734_755615_metadata.json
scratch/Ball_counting_CNN/ball_data_collection/2_balls/metadata/20250621_190001_228947_metadata.json,20250621_190001_228947,2,3,2025-06-21T19:00:22.053873,2_balls,2_balls/metadata/20250621_190001_228947_metadata.json
scratch/Ball_counting_CNN/ball_data_collection/2_balls/metadata/20250621_212009_267459_metadata.json,20250621_212009_267459,2,3,2025-06-21T21:20:57.407725,2_balls,2_balls/metadata/20250621_212009_267459_metadata.json
scratch/Ball_counting_CNN/ball_data_collection/2_balls/metadata/20250621_215017_299277_metadata.json,20250621_215017_299277,2,3,2025-06-21T21:50:42.696186,2_balls,2_balls/metadata/20250621_215017_299277_metadata.json
scratch/Ball_counting_CNN/ball_data_collection/2_balls/metadata/20250621_211435_252489_metadata.json,20250621_211435_252489,2,3,2025-06-21T21:14:46.409775,2_balls,2_balls/metadata/20250621_211435_252489_metadata.json
scratch/Ball_counting_CNN/ball_data_collection/2_balls/metadata/20250621_212401_546989_metadata.json,20250621_212401_546989,2,3,2025-06-21T21:24:28.248642,2_balls,2_balls/metadata/20250621_212401_546989_metadata.json
scratch/Ball_counting_CNN/ball_data_collection/2_balls/metadata/20250621_190838_627527_metadata.json,20250621_190838_627527,2,3,2025-06-21T19:08:56.965707,2_balls,2_balls/metadata/20250621_190838_627527_metadata.json
scratch/Ball_counting_CNN/ball_data_collection/2_balls/metadata/20250621_185039_115983_metadata.json,20250621_185039_115983,2,3,2025-06-21T18:50:54.872989,2_balls,2_balls/metadata/20250621_185039_115983_metadata.json
scratch/Ball_counting_CNN/ball_data_collection/2_balls/metadata/20250621_210040_292177_metadata.json,20250621_210040_292177,2,3,2025-06-21T21:00:58.601171,2_balls,2_balls/metadata/20250621_210040_292177_metadata.json
scratch/Ball_counting_CNN/ball_data_collection/2_balls/metadata/20250621_210007_859192_metadata.json,20250621_210007_859192,2,3,2025-06-21T21:00:19.261107,2_balls,2_balls/metadata/20250621_210007_859192_metadata.json
scratch/Ball_counting_CNN/ball_data_collection/2_balls/metadata/20250621_182545_643406_metadata.json,20250621_182545_643406,2,3,2025-06-21T18:26:06.356463,2_balls,2_balls/metadata/20250621_182545_643406_metadata.json
scratch/Ball_counting_CNN/ball_data_collection/2_balls/metadata/20250621_210522_051413_metadata.json,20250621_210522_051413,2,3,2025-06-21T21:06:03.179107,2_balls,2_balls/metadata/20250621_210522_051413_metadata.json
scratch/Ball_counting_CNN/ball_data_collection/2_balls/metadata/20250621_183310_987632_metadata.json,20250621_183310_987632,2,3,2025-06-21T18:33:36.613370,2_balls,2_balls/metadata/20250621_183310_987632_metadata.json
scratch/Ball_counting_CNN/ball_data_collection/2_balls/metadata/20250621_185325_163521_metadata.json,20250621_185325_163521,2,3,2025-06-21T18:53:47.101247,2_balls,2_balls/metadata/20250621_185325_163521_metadata.json
scratch/Ball_counting_CNN/ball_data_collection/2_balls/metadata/20250621_213652_555918_metadata.json,20250621_213652_555918,2,3,2025-06-21T21:37:08.426451,2_balls,2_balls/metadata/20250621_213652_555918_metadata.json
scratch/Ball_counting_CNN/ball_data_collection/2_balls/metadata/20250621_191236_106401_metadata.json,20250621_191236_106401,2,3,2025-06-21T19:12:53.338540,2_balls,2_balls/metadata/20250621_191236_106401_metadata.json
scratch/Ball_counting_CNN/ball_data_collection/2_balls/metadata/20250621_211907_802274_metadata.json,20250621_211907_802274,2,3,2025-06-21T21:19:44.367799,2_balls,2_balls/metadata/20250621_211907_802274_metadata.json
scratch/Ball_counting_CNN/ball_data_collection/2_balls/metadata/20250621_191008_516672_metadata.json,20250621_191008_516672,2,3,2025-06-21T19:10:29.222037,2_balls,2_balls/metadata/20250621_191008_516672_metadata.json
scratch/Ball_counting_CNN/ball_data_collection/2_balls/metadata/20250621_213510_371184_metadata.json,20250621_213510_371184,2,3,2025-06-21T21:35:32.217552,2_balls,2_balls/metadata/20250621_213510_371184_metadata.json
scratch/Ball_counting_CNN/ball_data_collection/2_balls/metadata/20250621_210828_523654_metadata.json,20250621_210828_523654,2,3,2025-06-21T21:08:40.810942,2_balls,2_balls/metadata/20250621_210828_523654_metadata.json
scratch/Ball_counting_CNN/ball_data_collection/2_balls/metadata/20250621_180625_523964_metadata.json,20250621_180625_523964,2,3,2025-06-21T18:06:50.920800,2_balls,2_balls/metadata/20250621_180625_523964_metadata.json
scratch/Ball_counting_CNN/ball_data_collection/2_balls/metadata/20250621_210448_956037_metadata.json,20250621_210448_956037,2,3,2025-06-21T21:05:14.539046,2_balls,2_balls/metadata/20250621_210448_956037_metadata.json
scratch/Ball_counting_CNN/ball_data_collection/2_balls/metadata/20250621_190041_708042_metadata.json,20250621_190041_708042,2,3,2025-06-21T19:00:55.388892,2_balls,2_balls/metadata/20250621_190041_708042_metadata.json
scratch/Ball_counting_CNN/ball_data_collection/2_balls/metadata/20250621_214717_730887_metadata.json,20250621_214717_730887,2,3,2025-06-21T21:47:31.187508,2_balls,2_balls/metadata/20250621_214717_730887_metadata.json
scratch/Ball_counting_CNN/ball_data_collection/2_balls/metadata/20250621_184702_140275_metadata.json,20250621_184702_140275,2,3,2025-06-21T18:47:18.326108,2_balls,2_balls/metadata/20250621_184702_140275_metadata.json
scratch/Ball_counting_CNN/ball_data_collection/2_balls/metadata/20250621_215214_602349_metadata.json,20250621_215214_602349,2,3,2025-06-21T21:52:43.560181,2_balls,2_balls/metadata/20250621_215214_602349_metadata.json
scratch/Ball_counting_CNN/ball_data_collection/2_balls/metadata/20250621_210937_179064_metadata.json,20250621_210937_179064,2,3,2025-06-21T21:10:06.235016,2_balls,2_balls/metadata/20250621_210937_179064_metadata.json
scratch/Ball_counting_CNN/ball_data_collection/2_balls/metadata/20250621_214028_228076_metadata.json,20250621_214028_228076,2,3,2025-06-21T21:41:09.272463,2_balls,2_balls/metadata/20250621_214028_228076_metadata.json
scratch/Ball_counting_CNN/ball_data_collection/2_balls/metadata/20250621_185716_932116_metadata.json,20250621_185716_932116,2,3,2025-06-21T18:57:36.517050,2_balls,2_balls/metadata/20250621_185716_932116_metadata.json
scratch/Ball_counting_CNN/ball_data_collection/2_balls/metadata/20250621_212437_506526_metadata.json,20250621_212437_506526,2,3,2025-06-21T21:24:54.470729,2_balls,2_balls/metadata/20250621_212437_506526_metadata.json
scratch/Ball_counting_CNN/ball_data_collection/2_balls/metadata/20250621_210203_643732_metadata.json,20250621_210203_643732,2,3,2025-06-21T21:02:29.264091,2_balls,2_balls/metadata/20250621_210203_643732_metadata.json
scratch/Ball_counting_CNN/ball_data_collection/2_balls/metadata/20250621_184302_763402_metadata.json,20250621_184302_763402,2,3,2025-06-21T18:43:17.514076,2_balls,2_balls/metadata/20250621_184302_763402_metadata.json
scratch/Ball_counting_CNN/ball_data_collection/2_balls/metadata/20250621_212925_722121_metadata.json,20250621_212925_722121,2,3,2025-06-21T21:29:49.793497,2_balls,2_balls/metadata/20250621_212925_722121_metadata.json
scratch/Ball_counting_CNN/ball_data_collection/2_balls/metadata/20250621_185556_844072_metadata.json,20250621_185556_844072,2,3,2025-06-21T18:56:11.646909,2_balls,2_balls/metadata/20250621_185556_844072_metadata.json
scratch/Ball_counting_CNN/ball_data_collection/2_balls/metadata/20250621_220554_451182_metadata.json,20250621_220554_451182,2,3,2025-06-21T22:06:17.267021,2_balls,2_balls/metadata/20250621_220554_451182_metadata.json
scratch/Ball_counting_CNN/ball_data_collection/2_balls/metadata/20250621_210303_875358_metadata.json,20250621_210303_875358,2,3,2025-06-21T21:03:32.834166,2_balls,2_balls/metadata/20250621_210303_875358_metadata.json
scratch/Ball_counting_CNN/ball_data_collection/2_balls/metadata/20250621_213053_227506_metadata.json,20250621_213053_227506,2,3,2025-06-21T21:31:28.158601,2_balls,2_balls/metadata/20250621_213053_227506_metadata.json
scratch/Ball_counting_CNN/ball_data_collection/2_balls/metadata/20250621_210705_539892_metadata.json,20250621_210705_539892,2,3,2025-06-21T21:07:24.920950,2_balls,2_balls/metadata/20250621_210705_539892_metadata.json
scratch/Ball_counting_CNN/ball_data_collection/2_balls/metadata/20250621_205426_612758_metadata.json,20250621_205426_612758,2,3,2025-06-21T20:54:46.312210,2_balls,2_balls/metadata/20250621_205426_612758_metadata.json
scratch/Ball_counting_CNN/ball_data_collection/2_balls/metadata/20250621_191034_268521_metadata.json,20250621_191034_268521,2,3,2025-06-21T19:10:50.285785,2_balls,2_balls/metadata/20250621_191034_268521_metadata.json
scratch/Ball_counting_CNN/ball_data_collection/2_balls/metadata/20250621_180347_675871_metadata.json,20250621_180347_675871,2,3,2025-06-21T18:04:13.099704,2_balls,2_balls/metadata/20250621_180347_675871_metadata.json
scratch/Ball_counting_CNN/ball_data_collection/2_balls/metadata/20250621_180459_044642_metadata.json,20250621_180459_044642,2,3,2025-06-21T18:05:07.930684,2_balls,2_balls/metadata/20250621_180459_044642_metadata.json
scratch/Ball_counting_CNN/ball_data_collection/2_balls/metadata/20250621_213907_755752_metadata.json,20250621_213907_755752,2,3,2025-06-21T21:39:29.795419,2_balls,2_balls/metadata/20250621_213907_755752_metadata.json
scratch/Ball_counting_CNN/ball_data_collection/2_balls/metadata/20250621_212231_107741_metadata.json,20250621_212231_107741,2,3,2025-06-21T21:22:49.716741,2_balls,2_balls/metadata/20250621_212231_107741_metadata.json
scratch/Ball_counting_CNN/ball_data_collection/2_balls/metadata/20250621_185405_388134_metadata.json,20250621_185405_388134,2,3,2025-06-21T18:54:30.736913,2_balls,2_balls/metadata/20250621_185405_388134_metadata.json
scratch/Ball_counting_CNN/ball_data_collection/2_balls/metadata/20250621_211740_498988_metadata.json,20250621_211740_498988,2,3,2025-06-21T21:18:07.196916,2_balls,2_balls/metadata/20250621_211740_498988_metadata.json
scratch/Ball_counting_CNN/ball_data_collection/2_balls/metadata/20250621_220655_314943_metadata.json,20250621_220655_314943,2,3,2025-06-21T22:07:23.163900,2_balls,2_balls/metadata/20250621_220655_314943_metadata.json
scratch/Ball_counting_CNN/ball_data_collection/2_balls/metadata/20250621_205401_900519_metadata.json,20250621_205401_900519,2,3,2025-06-21T20:54:16.842155,2_balls,2_balls/metadata/20250621_205401_900519_metadata.json
scratch/Ball_counting_CNN/ball_data_collection/2_balls/metadata/20250621_180418_604893_metadata.json,20250621_180418_604893,2,3,2025-06-21T18:04:45.419802,2_balls,2_balls/metadata/20250621_180418_604893_metadata.json
scratch/Ball_counting_CNN/ball_data_collection/2_balls/metadata/20250621_213944_906751_metadata.json,20250621_213944_906751,2,3,2025-06-21T21:40:05.587422,2_balls,2_balls/metadata/20250621_213944_906751_metadata.json
scratch/Ball_counting_CNN/ball_data_collection/2_balls/metadata/20250621_183554_715834_metadata.json,20250621_183554_715834,2,3,2025-06-21T18:36:09.452302,2_balls,2_balls/metadata/20250621_183554_715834_metadata.json
scratch/Ball_counting_CNN/ball_data_collection/2_balls/metadata/20250621_215324_666817_metadata.json,20250621_215324_666817,2,3,2025-06-21T21:53:44.413125,2_balls,2_balls/metadata/20250621_215324_666817_metadata.json
scratch/Ball_counting_CNN/ball_data_collection/2_balls/metadata/20250621_185833_523712_metadata.json,20250621_185833_523712,2,3,2025-06-21T18:58:51.643044,2_balls,2_balls/metadata/20250621_185833_523712_metadata.json
scratch/Ball_counting_CNN/ball_data_collection/2_balls/metadata/20250621_212103_290790_metadata.json,20250621_212103_290790,2,3,2025-06-21T21:21:28.562677,2_balls,2_balls/metadata/20250621_212103_290790_metadata.json
scratch/Ball_counting_CNN/ball_data_collection/2_balls/metadata/20250621_183625_060642_metadata.json,20250621_183625_060642,2,3,2025-06-21T18:36:39.916259,2_balls,2_balls/metadata/20250621_183625_060642_metadata.json
scratch/Ball_counting_CNN/ball_data_collection/3_balls/metadata/20250622_165650_115619_metadata.json,20250622_165650_115619,3,4,2025-06-22T16:57:26.494288,3_balls,3_balls/metadata/20250622_165650_115619_metadata.json
scratch/Ball_counting_CNN/ball_data_collection/3_balls/metadata/20250622_162316_953495_metadata.json,20250622_162316_953495,3,4,2025-06-22T16:23:54.197720,3_balls,3_balls/metadata/20250622_162316_953495_metadata.json
scratch/Ball_counting_CNN/ball_data_collection/3_balls/metadata/20250622_165510_347311_metadata.json,20250622_165510_347311,3,4,2025-06-22T16:55:36.831905,3_balls,3_balls/metadata/20250622_165510_347311_metadata.json
scratch/Ball_counting_CNN/ball_data_collection/3_balls/metadata/20250622_162422_940495_metadata.json,20250622_162422_940495,3,4,2025-06-22T16:24:50.902633,3_balls,3_balls/metadata/20250622_162422_940495_metadata.json
scratch/Ball_counting_CNN/ball_data_collection/3_balls/metadata/20250622_151147_323893_metadata.json,20250622_151147_323893,3,4,2025-06-22T15:12:14.087519,3_balls,3_balls/metadata/20250622_151147_323893_metadata.json
scratch/Ball_counting_CNN/ball_data_collection/3_balls/metadata/20250622_153807_579204_metadata.json,20250622_153807_579204,3,4,2025-06-22T15:38:29.423791,3_balls,3_balls/metadata/20250622_153807_579204_metadata.json
scratch/Ball_counting_CNN/ball_data_collection/3_balls/metadata/20250622_141512_059732_metadata.json,20250622_141512_059732,3,4,2025-06-22T14:15:48.585445,3_balls,3_balls/metadata/20250622_141512_059732_metadata.json
scratch/Ball_counting_CNN/ball_data_collection/3_balls/metadata/20250622_153200_409627_metadata.json,20250622_153200_409627,3,4,2025-06-22T15:32:46.497591,3_balls,3_balls/metadata/20250622_153200_409627_metadata.json
scratch/Ball_counting_CNN/ball_data_collection/3_balls/metadata/20250622_154236_451653_metadata.json,20250622_154236_451653,3,4,2025-06-22T15:43:18.237879,3_balls,3_balls/metadata/20250622_154236_451653_metadata.json
scratch/Ball_counting_CNN/ball_data_collection/3_balls/metadata/20250622_145413_180823_metadata.json,20250622_145413_180823,3,4,2025-06-22T14:54:43.883298,3_balls,3_balls/metadata/20250622_145413_180823_metadata.json
scratch/Ball_counting_CNN/ball_data_collection/3_balls/metadata/20250622_142940_564029_metadata.json,20250622_142940_564029,3,4,2025-06-22T14:30:25.224639,3_balls,3_balls/metadata/20250622_142940_564029_metadata.json
scratch/Ball_counting_CNN/ball_data_collection/3_balls/metadata/20250622_164458_883743_metadata.json,20250622_164458_883743,3,4,2025-06-22T16:45:28.165848,3_balls,3_balls/metadata/20250622_164458_883743_metadata.json
scratch/Ball_counting_CNN/ball_data_collection/3_balls/metadata/20250622_144734_829162_metadata.json,20250622_144734_829162,3,4,2025-06-22T14:47:57.895655,3_balls,3_balls/metadata/20250622_144734_829162_metadata.json
scratch/Ball_counting_CNN/ball_data_collection/3_balls/metadata/20250622_165137_690333_metadata.json,20250622_165137_690333,3,4,2025-06-22T16:52:13.773946,3_balls,3_balls/metadata/20250622_165137_690333_metadata.json
scratch/Ball_counting_CNN/ball_data_collection/3_balls/metadata/20250622_152346_523307_metadata.json,20250622_152346_523307,3,4,2025-06-22T15:24:13.458521,3_balls,3_balls/metadata/20250622_152346_523307_metadata.json
scratch/Ball_counting_CNN/ball_data_collection/3_balls/metadata/20250622_163515_701935_metadata.json,20250622_163515_701935,3,4,2025-06-22T16:35:47.319009,3_balls,3_balls/metadata/20250622_163515_701935_metadata.json
scratch/Ball_counting_CNN/ball_data_collection/3_balls/metadata/20250622_141104_437296_metadata.json,20250622_141104_437296,3,4,2025-06-22T14:11:47.802393,3_balls,3_balls/metadata/20250622_141104_437296_metadata.json
scratch/Ball_counting_CNN/ball_data_collection/3_balls/metadata/20250622_141404_475874_metadata.json,20250622_141404_475874,3,4,2025-06-22T14:14:58.361489,3_balls,3_balls/metadata/20250622_141404_475874_metadata.json
scratch/Ball_counting_CNN/ball_data_collection/3_balls/metadata/20250622_164232_043502_metadata.json,20250622_164232_043502,3,4,2025-06-22T16:43:11.611017,3_balls,3_balls/metadata/20250622_164232_043502_metadata.json
scratch/Ball_counting_CNN/ball_data_collection/3_balls/metadata/20250622_151233_139613_metadata.json,20250622_151233_139613,3,4,2025-06-22T15:13:14.963455,3_balls,3_balls/metadata/20250622_151233_139613_metadata.json
scratch/Ball_counting_CNN/ball_data_collection/3_balls/metadata/20250622_165757_362646_metadata.json,20250622_165757_362646,3,4,2025-06-22T16:58:57.322867,3_balls,3_balls/metadata/20250622_165757_362646_metadata.json
scratch/Ball_counting_CNN/ball_data_collection/3_balls/metadata/20250622_140924_468690_metadata.json,20250622_140924_468690,3,4,2025-06-22T14:09:59.544463,3_balls,3_balls/metadata/20250622_140924_468690_metadata.json
scratch/Ball_counting_CNN/ball_data_collection/3_balls/metadata/20250622_162738_019602_metadata.json,20250622_162738_019602,3,4,2025-06-22T16:28:13.180664,3_balls,3_balls/metadata/20250622_162738_019602_metadata.json
scratch/Ball_counting_CNN/ball_data_collection/3_balls/metadata/20250622_143412_899640_metadata.json,20250622_143412_899640,3,4,2025-06-22T14:34:45.614669,3_balls,3_balls/metadata/20250622_143412_899640_metadata.json
scratch/Ball_counting_CNN/ball_data_collection/3_balls/metadata/20250622_144425_988388_metadata.json,20250622_144425_988388,3,4,2025-06-22T14:45:08.413534,3_balls,3_balls/metadata/20250622_144425_988388_metadata.json
scratch/Ball_counting_CNN/ball_data_collection/3_balls/metadata/20250622_165553_898936_metadata.json,20250622_165553_898936,3,4,2025-06-22T16:56:30.297900,3_balls,3_balls/metadata/20250622_165553_898936_metadata.json
scratch/Ball_counting_CNN/ball_data_collection/3_balls/metadata/20250622_164046_481463_metadata.json,20250622_164046_481463,3,4,2025-06-22T16:41:15.942833,3_balls,3_balls/metadata/20250622_164046_481463_metadata.json
scratch/Ball_counting_CNN/ball_data_collection/3_balls/metadata/20250622_144109_737026_metadata.json,20250622_144109_737026,3,4,2025-06-22T14:41:53.027671,3_balls,3_balls/metadata/20250622_144109_737026_metadata.json
scratch/Ball_counting_CNN/ball_data_collection/3_balls/metadata/20250622_163348_090988_metadata.json,20250622_163348_090988,3,4,2025-06-22T16:34:30.260733,3_balls,3_balls/metadata/20250622_163348_090988_metadata.json
scratch/Ball_counting_CNN/ball_data_collection/3_balls/metadata/20250622_155004_099831_metadata.json,20250622_155004_099831,3,4,2025-06-22T15:50:30.713783,3_balls,3_balls/metadata/20250622_155004_099831_metadata.json
scratch/Ball_counting_CNN/ball_data_collection/3_balls/metadata/20250622_161158_970038_metadata.json,20250622_161158_970038,3,4,2025-06-22T16:12:32.815610,3_balls,3_balls/metadata/20250622_161158_970038_metadata.json
scratch/Ball_counting_CNN/ball_data_collection/3_balls/metadata/20250622_153453_551868_metadata.json,20250622_153453_551868,3,4,2025-06-22T15:35:42.634763,3_balls,3_balls/metadata/20250622_153453_551868_metadata.json
scratch/Ball_counting_CNN/ball_data_collection/3_balls/metadata/20250622_141010_077054_metadata.json,20250622_141010_077054,3,4,2025-06-22T14:10:44.766514,3_balls,3_balls/metadata/20250622_141010_077054_metadata.json
scratch/Ball_counting_CNN/ball_data_collection/3_balls/metadata/20250622_155755_675362_metadata.json,20250622_155755_675362,3,4,2025-06-22T15:58:39.244911,3_balls,3_balls/metadata/20250622_155755_675362_metadata.json
scratch/Ball_counting_CNN/ball_data_collection/3_balls/metadata/20250622_154329_140098_metadata.json,20250622_154329_140098,3,4,2025-06-22T15:44:09.104720,3_balls,3_balls/metadata/20250622_154329_140098_metadata.json
scratch/Ball_counting_CNN/ball_data_collection/3_balls/metadata/20250622_165422_427755_metadata.json,20250622_165422_427755,3,4,2025-06-22T16:54:48.018883,3_balls,3_balls/metadata/20250622_165422_427755_metadata.json
scratch/Ball_counting_CNN/ball_data_collection/3_balls/metadata/20250622_152704_860231_metadata.json,20250622_152704_860231,3,4,2025-06-22T15:27:37.775566,3_balls,3_balls/metadata/20250622_152704_860231_metadata.json
scratch/Ball_counting_CNN/ball_data_collection/3_balls/metadata/20250622_141313_588276_metadata.json,20250622_141313_588276,3,4,2025-06-22T14:13:39.960433,3_balls,3_balls/metadata/20250622_141313_588276_metadata.json
scratch/Ball_counting_CNN/ball_data_collection/3_balls/metadata/20250622_152904_579513_metadata.json,20250622_152904_579513,3,4,2025-06-22T15:29:35.208502,3_balls,3_balls/metadata/20250622_152904_579513_metadata.json
scratch/Ball_counting_CNN/ball_data_collection/3_balls/metadata/20250622_155049_372003_metadata.json,20250622_155049_372003,3,4,2025-06-22T15:51:51.441805,3_balls,3_balls/metadata/20250622_155049_372003_metadata.json
scratch/Ball_counting_CNN/ball_data_collection/3_balls/metadata/20250622_142400_652874_metadata.json,20250622_142400_652874,3,4,2025-06-22T14:24:51.009623,3_balls,3_balls/metadata/20250622_142400_652874_metadata.json
scratch/Ball_counting_CNN/ball_data_collection/3_balls/metadata/20250622_160749_707833_metadata.json,20250622_160749_707833,3,4,2025-06-22T16:08:27.014904,3_balls,3_balls/metadata/20250622_160749_707833_metadata.json
scratch/Ball_counting_CNN/ball_data_collection/3_balls/metadata/20250622_141711_980015_metadata.json,20250622_141711_980015,3,4,2025-06-22T14:17:42.306582,3_balls,3_balls/metadata/20250622_141711_980015_metadata.json
scratch/Ball_counting_CNN/ball_data_collection/3_balls/metadata/20250622_151505_731559_metadata.json,20250622_151505_731559,3,4,2025-06-22T15:15:51.051542,3_balls,3_balls/metadata/20250622_151505_731559_metadata.json
scratch/Ball_counting_CNN/ball_data_collection/3_balls/metadata/20250622_154126_369289_metadata.json,20250622_154126_369289,3,4,2025-06-22T15:41:46.285781,3_balls,3_balls/metadata/20250622_154126_369289_metadata.json
scratch/Ball_counting_CNN/ball_data_collection/3_balls/metadata/20250622_155644_371956_metadata.json,20250622_155644_371956,3,4,2025-06-22T15:57:20.112788,3_balls,3_balls/metadata/20250622_155644_371956_metadata.json
scratch/Ball_counting_CNN/ball_data_collection/3_balls/metadata/20250622_141804_748641_metadata.json,20250622_141804_748641,3,4,2025-06-22T14:18:38.422604,3_balls,3_balls/metadata/20250622_141804_748641_metadata.json
scratch/Ball_counting_CNN/ball_data_collection/3_balls/metadata/20250622_165325_842687_metadata.json,20250622_165325_842687,3,4,2025-06-22T16:54:04.476999,3_balls,3_balls/metadata/20250622_165325_842687_metadata.json
scratch/Ball_counting_CNN/ball_data_collection/3_balls/metadata/20250622_143148_563401_metadata.json,20250622_143148_563401,3,4,2025-06-22T14:32:29.672740,3_balls,3_balls/metadata/20250622_143148_563401_metadata.json
scratch/Ball_counting_CNN/ball_data_collection/3_balls/metadata/20250622_141857_292516_metadata.json,20250622_141857_292516,3,4,2025-06-22T14:19:32.363627,3_balls,3_balls/metadata/20250622_141857_292516_metadata.json
scratch/Ball_counting_CNN/ball_data_collection/3_balls/metadata/20250622_160855_076143_metadata.json,20250622_160855_076143,3,4,2025-06-22T16:09:19.796578,3_balls,3_balls/metadata/20250622_160855_076143_metadata.json
scratch/Ball_counting_CNN/ball_data_collection/3_balls/metadata/20250622_142708_884200_metadata.json,20250622_142708_884200,3,4,2025-06-22T14:27:48.389667,3_balls,3_balls/metadata/20250622_142708_884200_metadata.json
scratch/Ball_counting_CNN/ball_data_collection/3_balls/metadata/20250622_152954_939792_metadata.json,20250622_152954_939792,3,4,2025-06-22T15:30:45.647648,3_balls,3_balls/metadata/20250622_152954_939792_metadata.json
scratch/Ball_counting_CNN/ball_data_collection/4_balls/metadata/20250622_192057_275353_metadata.json,20250622_192057_275353,4,5,2025-06-22T19:21:48.949939,4_balls,4_balls/metadata/20250622_192057_275353_metadata.json
scratch/Ball_counting_CNN/ball_data_collection/4_balls/metadata/20250622_192909_714966_metadata.json,20250622_192909_714966,4,5,2025-06-22T19:30:06.038156,4_balls,4_balls/metadata/20250622_192909_714966_metadata.json
scratch/Ball_counting_CNN/ball_data_collection/4_balls/metadata/20250622_190742_442663_metadata.json,20250622_190742_442663,4,5,2025-06-22T19:08:18.878990,4_balls,4_balls/metadata/20250622_190742_442663_metadata.json
scratch/Ball_counting_CNN/ball_data_collection/4_balls/metadata/20250622_190146_586992_metadata.json,20250622_190146_586992,4,5,2025-06-22T19:02:37.242897,4_balls,4_balls/metadata/20250622_190146_586992_metadata.json
scratch/Ball_counting_CNN/ball_data_collection/4_balls/metadata/20250622_175216_099693_metadata.json,20250622_175216_099693,4,5,2025-06-22T17:52:51.446065,4_balls,4_balls/metadata/20250622_175216_099693_metadata.json
scratch/Ball_counting_CNN/ball_data_collection/4_balls/metadata/20250622_171144_490245_metadata.json,20250622_171144_490245,4,5,2025-06-22T17:12:33.021881,4_balls,4_balls/metadata/20250622_171144_490245_metadata.json
scratch/Ball_counting_CNN/ball_data_collection/4_balls/metadata/20250622_183601_930866_metadata.json,20250622_183601_930866,4,5,2025-06-22T18:36:47.466501,4_balls,4_balls/metadata/20250622_183601_930866_metadata.json
scratch/Ball_counting_CNN/ball_data_collection/4_balls/metadata/20250622_191534_507325_metadata.json,20250622_191534_507325,4,5,2025-06-22T19:16:23.776798,4_balls,4_balls/metadata/20250622_191534_507325_metadata.json
scratch/Ball_counting_CNN/ball_data_collection/4_balls/metadata/20250622_174653_482393_metadata.json,20250622_174653_482393,4,5,2025-06-22T17:47:33.402017,4_balls,4_balls/metadata/20250622_174653_482393_metadata.json
scratch/Ball_counting_CNN/ball_data_collection/4_balls/metadata/20250622_184117_835179_metadata.json,20250622_184117_835179,4,5,2025-06-22T18:42:22.388582,4_balls,4_balls/metadata/20250622_184117_835179_metadata.json
scratch/Ball_counting_CNN/ball_data_collection/4_balls/metadata/20250622_185708_084103_metadata.json,20250622_185708_084103,4,5,2025-06-22T18:57:52.637882,4_balls,4_balls/metadata/20250622_185708_084103_metadata.json
scratch/Ball_counting_CNN/ball_data_collection/4_balls/metadata/20250622_192803_979215_metadata.json,20250622_192803_979215,4,5,2025-06-22T19:28:52.168077,4_balls,4_balls/metadata/20250622_192803_979215_metadata.json
scratch/Ball_counting_CNN/ball_data_collection/4_balls/metadata/20250622_185411_122776_metadata.json,20250622_185411_122776,4,5,2025-06-22T18:54:59.387871,4_balls,4_balls/metadata/20250622_185411_122776_metadata.json
scratch/Ball_counting_CNN/ball_data_collection/4_balls/metadata/20250622_191323_097298_metadata.json,20250622_191323_097298,4,5,2025-06-22T19:14:22.055940,4_balls,4_balls/metadata/20250622_191323_097298_metadata.json
scratch/Ball_counting_CNN/ball_data_collection/4_balls/metadata/20250622_174148_415580_metadata.json,20250622_174148_415580,4,5,2025-06-22T17:42:40.039976,4_balls,4_balls/metadata/20250622_174148_415580_metadata.json
scratch/Ball_counting_CNN/ball_data_collection/4_balls/metadata/20250622_190625_972734_metadata.json,20250622_190625_972734,4,5,2025-06-22T19:07:31.429832,4_balls,4_balls/metadata/20250622_190625_972734_metadata.json
scratch/Ball_counting_CNN/ball_data_collection/4_balls/metadata/20250622_170808_752622_metadata.json,20250622_170808_752622,4,5,2025-06-22T17:08:47.710921,4_balls,4_balls/metadata/20250622_170808_752622_metadata.json
scratch/Ball_counting_CNN/ball_data_collection/4_balls/metadata/20250622_175023_786961_metadata.json,20250622_175023_786961,4,5,2025-06-22T17:51:15.488040,4_balls,4_balls/metadata/20250622_175023_786961_metadata.json
scratch/Ball_counting_CNN/ball_data_collection/4_balls/metadata/20250622_172909_332134_metadata.json,20250622_172909_332134,4,5,2025-06-22T17:30:06.212870,4_balls,4_balls/metadata/20250622_172909_332134_metadata.json
scratch/Ball_counting_CNN/ball_data_collection/4_balls/metadata/20250622_171024_580271_metadata.json,20250622_171024_580271,4,5,2025-06-22T17:10:53.081943,4_balls,4_balls/metadata/20250622_171024_580271_metadata.json
scratch/Ball_counting_CNN/ball_data_collection/4_balls/metadata/20250622_184827_611198_metadata.json,20250622_184827_611198,4,5,2025-06-22T18:49:12.733621,4_balls,4_balls/metadata/20250622_184827_611198_metadata.json
scratch/Ball_counting_CNN/ball_data_collection/4_balls/metadata/20250622_185233_354551_metadata.json,20250622_185233_354551,4,5,2025-06-22T18:53:16.842811,4_balls,4_balls/metadata/20250622_185233_354551_metadata.json
scratch/Ball_counting_CNN/ball_data_collection/4_balls/metadata/20250622_175757_442729_metadata.json,20250622_175757_442729,4,5,2025-06-22T17:58:46.241086,4_balls,4_balls/metadata/20250622_175757_442729_metadata.json
scratch/Ball_counting_CNN/ball_data_collection/4_balls/metadata/20250622_192647_144710_metadata.json,20250622_192647_144710,4,5,2025-06-22T19:27:16.154132,4_balls,4_balls/metadata/20250622_192647_144710_metadata.json
scratch/Ball_counting_CNN/ball_data_collection/4_balls/metadata/20250622_185547_116792_metadata.json,20250622_185547_116792,4,5,2025-06-22T18:56:36.901799,4_balls,4_balls/metadata/20250622_185547_116792_metadata.json
scratch/Ball_counting_CNN/ball_data_collection/4_balls/metadata/20250622_172753_643874_metadata.json,20250622_172753_643874,4,5,2025-06-22T17:28:37.106916,4_balls,4_balls/metadata/20250622_172753_643874_metadata.json
scratch/Ball_counting_CNN/ball_data_collection/4_balls/metadata/20250622_171426_123947_metadata.json,20250622_171426_123947,4,5,2025-06-22T17:15:20.268990,4_balls,4_balls/metadata/20250622_171426_123947_metadata.json
scratch/Ball_counting_CNN/ball_data_collection/4_balls/metadata/20250622_183858_211541_metadata.json,20250622_183858_211541,4,5,2025-06-22T18:39:51.266752,4_balls,4_balls/metadata/20250622_183858_211541_metadata.json
scratch/Ball_counting_CNN/ball_data_collection/4_balls/metadata/20250622_173058_561354_metadata.json,20250622_173058_561354,4,5,2025-06-22T17:31:44.628022,4_balls,4_balls/metadata/20250622_173058_561354_metadata.json
scratch/Ball_counting_CNN/ball_data_collection/4_balls/metadata/20250622_180501_854044_metadata.json,20250622_180501_854044,4,5,2025-06-22T18:05:50.041200,4_balls,4_balls/metadata/20250622_180501_854044_metadata.json
scratch/Ball_counting_CNN/ball_data_collection/4_balls/metadata/20250622_174018_075541_metadata.json,20250622_174018_075541,4,5,2025-06-22T17:40:57.374885,4_balls,4_balls/metadata/20250622_174018_075541_metadata.json
scratch/Ball_counting_CNN/ball_data_collection/4_balls/metadata/20250622_190433_186906_metadata.json,20250622_190433_186906,4,5,2025-06-22T19:05:33.253833,4_balls,4_balls/metadata/20250622_190433_186906_metadata.json
scratch/Ball_counting_CNN/ball_data_collection/4_balls/metadata/20250622_185818_147884_metadata.json,20250622_185818_147884,4,5,2025-06-22T18:59:00.644999,4_balls,4_balls/metadata/20250622_185818_147884_metadata.json
scratch/Ball_counting_CNN/ball_data_collection/4_balls/metadata/20250622_171720_367731_metadata.json,20250622_171720_367731,4,5,2025-06-22T17:18:09.754819,4_balls,4_balls/metadata/20250622_171720_367731_metadata.json
scratch/Ball_counting_CNN/ball_data_collection/4_balls/metadata/20250622_174922_843405_metadata.json,20250622_174922_843405,4,5,2025-06-22T17:50:03.505107,4_balls,4_balls/metadata/20250622_174922_843405_metadata.json
scratch/Ball_counting_CNN/ball_data_collection/4_balls/metadata/20250622_191838_811521_metadata.json,20250622_191838_811521,4,5,2025-06-22T19:19:25.855122,4_balls,4_balls/metadata/20250622_191838_811521_metadata.json
scratch/Ball_counting_CNN/ball_data_collection/4_balls/metadata/20250622_193559_109085_metadata.json,20250622_193559_109085,4,5,2025-06-22T19:36:48.539078,4_balls,4_balls/metadata/20250622_193559_109085_metadata.json
scratch/Ball_counting_CNN/ball_data_collection/4_balls/metadata/20250622_191437_586977_metadata.json,20250622_191437_586977,4,5,2025-06-22T19:15:21.997800,4_balls,4_balls/metadata/20250622_191437_586977_metadata.json
scratch/Ball_counting_CNN/ball_data_collection/4_balls/metadata/20250622_191701_627609_metadata.json,20250622_191701_627609,4,5,2025-06-22T19:18:19.366878,4_balls,4_balls/metadata/20250622_191701_627609_metadata.json
scratch/Ball_counting_CNN/ball_data_collection/4_balls/metadata/20250622_182746_745732_metadata.json,20250622_182746_745732,4,5,2025-06-22T18:28:28.911340,4_balls,4_balls/metadata/20250622_182746_745732_metadata.json
scratch/Ball_counting_CNN/ball_data_collection/5_balls/metadata/20250623_200028_457566_metadata.json,20250623_200028_457566,5,6,2025-06-23T20:01:38.933521,5_balls,5_balls/metadata/20250623_200028_457566_metadata.json
scratch/Ball_counting_CNN/ball_data_collection/5_balls/metadata/20250624_104126_285410_metadata.json,20250624_104126_285410,5,6,2025-06-24T10:42:37.134257,5_balls,5_balls/metadata/20250624_104126_285410_metadata.json
scratch/Ball_counting_CNN/ball_data_collection/5_balls/metadata/20250623_183942_578266_metadata.json,20250623_183942_578266,5,6,2025-06-23T18:41:03.716335,5_balls,5_balls/metadata/20250623_183942_578266_metadata.json
scratch/Ball_counting_CNN/ball_data_collection/5_balls/metadata/20250623_184338_697877_metadata.json,20250623_184338_697877,5,6,2025-06-23T18:44:43.313230,5_balls,5_balls/metadata/20250623_184338_697877_metadata.json
scratch/Ball_counting_CNN/ball_data_collection/5_balls/metadata/20250623_195828_202934_metadata.json,20250623_195828_202934,5,6,2025-06-23T19:59:32.312610,5_balls,5_balls/metadata/20250623_195828_202934_metadata.json
scratch/Ball_counting_CNN/ball_data_collection/5_balls/metadata/20250624_102047_283342_metadata.json,20250624_102047_283342,5,6,2025-06-24T10:21:33.657469,5_balls,5_balls/metadata/20250624_102047_283342_metadata.json
scratch/Ball_counting_CNN/ball_data_collection/5_balls/metadata/20250623_200627_058841_metadata.json,20250623_200627_058841,5,6,2025-06-23T20:07:24.920249,5_balls,5_balls/metadata/20250623_200627_058841_metadata.json
scratch/Ball_counting_CNN/ball_data_collection/5_balls/metadata/20250623_194525_115038_metadata.json,20250623_194525_115038,5,6,2025-06-23T19:46:21.464822,5_balls,5_balls/metadata/20250623_194525_115038_metadata.json
scratch/Ball_counting_CNN/ball_data_collection/5_balls/metadata/20250623_191421_291363_metadata.json,20250623_191421_291363,5,6,2025-06-23T19:15:21.160749,5_balls,5_balls/metadata/20250623_191421_291363_metadata.json
scratch/Ball_counting_CNN/ball_data_collection/5_balls/metadata/20250623_194237_185757_metadata.json,20250623_194237_185757,5,6,2025-06-23T19:43:34.769119,5_balls,5_balls/metadata/20250623_194237_185757_metadata.json
scratch/Ball_counting_CNN/ball_data_collection/5_balls/metadata/20250624_101833_339726_metadata.json,20250624_101833_339726,5,6,2025-06-24T10:19:32.290459,5_balls,5_balls/metadata/20250624_101833_339726_metadata.json
scratch/Ball_counting_CNN/ball_data_collection/5_balls/metadata/20250623_194948_250186_metadata.json,20250623_194948_250186,5,6,2025-06-23T19:51:02.678793,5_balls,5_balls/metadata/20250623_194948_250186_metadata.json
scratch/Ball_counting_CNN/ball_data_collection/5_balls/metadata/20250623_192028_835162_metadata.json,20250623_192028_835162,5,6,2025-06-23T19:21:30.206526,5_balls,5_balls/metadata/20250623_192028_835162_metadata.json
scratch/Ball_counting_CNN/ball_data_collection/5_balls/metadata/20250623_193438_720673_metadata.json,20250623_193438_720673,5,6,2025-06-23T19:35:34.322206,5_balls,5_balls/metadata/20250623_193438_720673_metadata.json
scratch/Ball_counting_CNN/ball_data_collection/5_balls/metadata/20250623_183430_535883_metadata.json,20250623_183430_535883,5,6,2025-06-23T18:35:28.652533,5_balls,5_balls/metadata/20250623_183430_535883_metadata.json
scratch/Ball_counting_CNN/ball_data_collection/5_balls/metadata/20250623_190933_010361_metadata.json,20250623_190933_010361,5,6,2025-06-23T19:10:36.527804,5_balls,5_balls/metadata/20250623_190933_010361_metadata.json
scratch/Ball_counting_CNN/ball_data_collection/5_balls/metadata/20250623_201427_154285_metadata.json,20250623_201427_154285,5,6,2025-06-23T20:15:58.581961,5_balls,5_balls/metadata/20250623_201427_154285_metadata.json
scratch/Ball_counting_CNN/ball_data_collection/5_balls/metadata/20250623_201212_704630_metadata.json,20250623_201212_704630,5,6,2025-06-23T20:13:37.191029,5_balls,5_balls/metadata/20250623_201212_704630_metadata.json
scratch/Ball_counting_CNN/ball_data_collection/5_balls/metadata/20250623_195427_136662_metadata.json,20250623_195427_136662,5,6,2025-06-23T19:55:24.675653,5_balls,5_balls/metadata/20250623_195427_136662_metadata.json
scratch/Ball_counting_CNN/ball_data_collection/5_balls/metadata/20250623_201631_402665_metadata.json,20250623_201631_402665,5,6,2025-06-23T20:17:40.928832,5_balls,5_balls/metadata/20250623_201631_402665_metadata.json
scratch/Ball_counting_CNN/ball_data_collection/5_balls/metadata/20250623_201756_923229_metadata.json,20250623_201756_923229,5,6,2025-06-23T20:18:57.878715,5_balls,5_balls/metadata/20250623_201756_923229_metadata.json
scratch/Ball_counting_CNN/ball_data_collection/5_balls/metadata/20250623_191712_083182_metadata.json,20250623_191712_083182,5,6,2025-06-23T19:18:26.790547,5_balls,5_balls/metadata/20250623_191712_083182_metadata.json
scratch/Ball_counting_CNN/ball_data_collection/5_balls/metadata/20250623_184924_483535_metadata.json,20250623_184924_483535,5,6,2025-06-23T18:50:18.390141,5_balls,5_balls/metadata/20250623_184924_483535_metadata.json
scratch/Ball_counting_CNN/ball_data_collection/5_balls/metadata/20250624_102801_654283_metadata.json,20250624_102801_654283,5,6,2025-06-24T10:29:24.076545,5_balls,5_balls/metadata/20250624_102801_654283_metadata.json
scratch/Ball_counting_CNN/ball_data_collection/5_balls/metadata/20250623_195212_674367_metadata.json,20250623_195212_674367,5,6,2025-06-23T19:53:25.267586,5_balls,5_balls/metadata/20250623_195212_674367_metadata.json
scratch/Ball_counting_CNN/ball_data_collection/5_balls/metadata/20250623_192957_531789_metadata.json,20250623_192957_531789,5,6,2025-06-23T19:31:00.662386,5_balls,5_balls/metadata/20250623_192957_531789_metadata.json
scratch/Ball_counting_CNN/ball_data_collection/5_balls/metadata/20250623_185652_874188_metadata.json,20250623_185652_874188,5,6,2025-06-23T18:57:43.301826,5_balls,5_balls/metadata/20250623_185652_874188_metadata.json
scratch/Ball_counting_CNN/ball_data_collection/5_balls/metadata/20250623_183715_955085_metadata.json,20250623_183715_955085,5,6,2025-06-23T18:38:09.332426,5_balls,5_balls/metadata/20250623_183715_955085_metadata.json
scratch/Ball_counting_CNN/ball_data_collection/5_balls/metadata/20250623_183830_243454_metadata.json,20250623_183830_243454,5,6,2025-06-23T18:39:21.907478,5_balls,5_balls/metadata/20250623_183830_243454_metadata.json
scratch/Ball_counting_CNN/ball_data_collection/5_balls/metadata/20250623_191105_146866_metadata.json,20250623_191105_146866,5,6,2025-06-23T19:12:07.699728,5_balls,5_balls/metadata/20250623_191105_146866_metadata.json
scratch/Ball_counting_CNN/ball_data_collection/5_balls/metadata/20250624_103111_150622_metadata.json,20250624_103111_150622,5,6,2025-06-24T10:32:19.677349,5_balls,5_balls/metadata/20250624_103111_150622_metadata.json
scratch/Ball_counting_CNN/ball_data_collection/5_balls/metadata/20250623_183543_931681_metadata.json,20250623_183543_931681,5,6,2025-06-23T18:36:43.798530,5_balls,5_balls/metadata/20250623_183543_931681_metadata.json
scratch/Ball_counting_CNN/ball_data_collection/6_balls/metadata/20250624_135009_816234_metadata.json,20250624_135009_816234,6,7,2025-06-24T13:51:28.537996,6_balls,6_balls/metadata/20250624_135009_816234_metadata.json
scratch/Ball_counting_CNN/ball_data_collection/6_balls/metadata/20250624_134831_728420_metadata.json,20250624_134831_728420,6,7,2025-06-24T13:49:41.689017,6_balls,6_balls/metadata/20250624_134831_728420_metadata.json
scratch/Ball_counting_CNN/ball_data_collection/6_balls/metadata/20250624_110624_157557_metadata.json,20250624_110624_157557,6,7,2025-06-24T11:08:02.903485,6_balls,6_balls/metadata/20250624_110624_157557_metadata.json
scratch/Ball_counting_CNN/ball_data_collection/6_balls/metadata/20250624_133825_007739_metadata.json,20250624_133825_007739,6,7,2025-06-24T13:39:36.924756,6_balls,6_balls/metadata/20250624_133825_007739_metadata.json
scratch/Ball_counting_CNN/ball_data_collection/6_balls/metadata/20250624_111928_364548_metadata.json,20250624_111928_364548,6,7,2025-06-24T11:20:36.841171,6_balls,6_balls/metadata/20250624_111928_364548_metadata.json
scratch/Ball_counting_CNN/ball_data_collection/6_balls/metadata/20250624_140827_655956_metadata.json,20250624_140827_655956,6,7,2025-06-24T14:09:42.673416,6_balls,6_balls/metadata/20250624_140827_655956_metadata.json
scratch/Ball_counting_CNN/ball_data_collection/6_balls/metadata/20250624_133322_736298_metadata.json,20250624_133322_736298,6,7,2025-06-24T13:34:57.772911,6_balls,6_balls/metadata/20250624_133322_736298_metadata.json
scratch/Ball_counting_CNN/ball_data_collection/6_balls/metadata/20250624_134648_063539_metadata.json,20250624_134648_063539,6,7,2025-06-24T13:47:57.868188,6_balls,6_balls/metadata/20250624_134648_063539_metadata.json
scratch/Ball_counting_CNN/ball_data_collection/6_balls/metadata/20250624_131549_217813_metadata.json,20250624_131549_217813,6,7,2025-06-24T13:16:58.230681,6_balls,6_balls/metadata/20250624_131549_217813_metadata.json
scratch/Ball_counting_CNN/ball_data_collection/6_balls/metadata/20250624_143618_623451_metadata.json,20250624_143618_623451,6,7,2025-06-24T14:37:20.569512,6_balls,6_balls/metadata/20250624_143618_623451_metadata.json
scratch/Ball_counting_CNN/ball_data_collection/6_balls/metadata/20250624_141109_781923_metadata.json,20250624_141109_781923,6,7,2025-06-24T14:12:14.530281,6_balls,6_balls/metadata/20250624_141109_781923_metadata.json
scratch/Ball_counting_CNN/ball_data_collection/6_balls/metadata/20250624_111258_133731_metadata.json,20250624_111258_133731,6,7,2025-06-24T11:14:07.777155,6_balls,6_balls/metadata/20250624_111258_133731_metadata.json
scratch/Ball_counting_CNN/ball_data_collection/6_balls/metadata/20250624_144148_158616_metadata.json,20250624_144148_158616,6,7,2025-06-24T14:43:10.991553,6_balls,6_balls/metadata/20250624_144148_158616_metadata.json
scratch/Ball_counting_CNN/ball_data_collection/6_balls/metadata/20250624_112743_964679_metadata.json,20250624_112743_964679,6,7,2025-06-24T11:28:50.931101,6_balls,6_balls/metadata/20250624_112743_964679_metadata.json
scratch/Ball_counting_CNN/ball_data_collection/6_balls/metadata/20250624_133126_989901_metadata.json,20250624_133126_989901,6,7,2025-06-24T13:33:00.146166,6_balls,6_balls/metadata/20250624_133126_989901_metadata.json
scratch/Ball_counting_CNN/ball_data_collection/6_balls/metadata/20250624_112113_324763_metadata.json,20250624_112113_324763,6,7,2025-06-24T11:22:24.053194,6_balls,6_balls/metadata/20250624_112113_324763_metadata.json
scratch/Ball_counting_CNN/ball_data_collection/6_balls/metadata/20250624_112503_741018_metadata.json,20250624_112503_741018,6,7,2025-06-24T11:26:45.302172,6_balls,6_balls/metadata/20250624_112503_741018_metadata.json
scratch/Ball_counting_CNN/ball_data_collection/6_balls/metadata/20250624_111708_557115_metadata.json,20250624_111708_557115,6,7,2025-06-24T11:18:22.595222,6_balls,6_balls/metadata/20250624_111708_557115_metadata.json
scratch/Ball_counting_CNN/ball_data_collection/6_balls/metadata/20250624_135914_910076_metadata.json,20250624_135914_910076,6,7,2025-06-24T14:00:23.565546,6_balls,6_balls/metadata/20250624_135914_910076_metadata.json
scratch/Ball_counting_CNN/ball_data_collection/6_balls/metadata/20250624_131907_016354_metadata.json,20250624_131907_016354,6,7,2025-06-24T13:20:24.469464,6_balls,6_balls/metadata/20250624_131907_016354_metadata.json
scratch/Ball_counting_CNN/ball_data_collection/6_balls/metadata/20250624_143124_119491_metadata.json,20250624_143124_119491,6,7,2025-06-24T14:32:47.428659,6_balls,6_balls/metadata/20250624_143124_119491_metadata.json
scratch/Ball_counting_CNN/ball_data_collection/6_balls/metadata/20250624_134455_855353_metadata.json,20250624_134455_855353,6,7,2025-06-24T13:46:08.152122,6_balls,6_balls/metadata/20250624_134455_855353_metadata.json
scratch/Ball_counting_CNN/ball_data_collection/6_balls/metadata/20250624_113353_460425_metadata.json,20250624_113353_460425,6,7,2025-06-24T11:35:10.209058,6_balls,6_balls/metadata/20250624_113353_460425_metadata.json
scratch/Ball_counting_CNN/ball_data_collection/6_balls/metadata/20250624_134110_426494_metadata.json,20250624_134110_426494,6,7,2025-06-24T13:42:30.318563,6_balls,6_balls/metadata/20250624_134110_426494_metadata.json
scratch/Ball_counting_CNN/ball_data_collection/6_balls/metadata/20250624_132521_552328_metadata.json,20250624_132521_552328,6,7,2025-06-24T13:26:32.429246,6_balls,6_balls/metadata/20250624_132521_552328_metadata.json
scratch/Ball_counting_CNN/ball_data_collection/6_balls/metadata/20250624_114223_300845_metadata.json,20250624_114223_300845,6,7,2025-06-24T11:43:25.468862,6_balls,6_balls/metadata/20250624_114223_300845_metadata.json
scratch/Ball_counting_CNN/ball_data_collection/7_balls/metadata/20250624_172021_249522_metadata.json,20250624_172021_249522,7,8,2025-06-24T17:21:53.317987,7_balls,7_balls/metadata/20250624_172021_249522_metadata.json
scratch/Ball_counting_CNN/ball_data_collection/7_balls/metadata/20250624_164918_174541_metadata.json,20250624_164918_174541,7,8,2025-06-24T16:50:57.268139,7_balls,7_balls/metadata/20250624_164918_174541_metadata.json
scratch/Ball_counting_CNN/ball_data_collection/7_balls/metadata/20250624_163547_215877_metadata.json,20250624_163547_215877,7,8,2025-06-24T16:37:16.462189,7_balls,7_balls/metadata/20250624_163547_215877_metadata.json
scratch/Ball_counting_CNN/ball_data_collection/7_balls/metadata/20250624_172350_737071_metadata.json,20250624_172350_737071,7,8,2025-06-24T17:25:17.259814,7_balls,7_balls/metadata/20250624_172350_737071_metadata.json
scratch/Ball_counting_CNN/ball_data_collection/7_balls/metadata/20250624_161647_343372_metadata.json,20250624_161647_343372,7,8,2025-06-24T16:18:19.911434,7_balls,7_balls/metadata/20250624_161647_343372_metadata.json
scratch/Ball_counting_CNN/ball_data_collection/7_balls/metadata/20250624_193914_138960_metadata.json,20250624_193914_138960,7,8,2025-06-24T19:40:29.619481,7_balls,7_balls/metadata/20250624_193914_138960_metadata.json
scratch/Ball_counting_CNN/ball_data_collection/7_balls/metadata/20250624_161354_093021_metadata.json,20250624_161354_093021,7,8,2025-06-24T16:15:19.555418,7_balls,7_balls/metadata/20250624_161354_093021_metadata.json
scratch/Ball_counting_CNN/ball_data_collection/7_balls/metadata/20250624_170707_743986_metadata.json,20250624_170707_743986,7,8,2025-06-24T17:08:32.623992,7_balls,7_balls/metadata/20250624_170707_743986_metadata.json
scratch/Ball_counting_CNN/ball_data_collection/7_balls/metadata/20250624_163805_856642_metadata.json,20250624_163805_856642,7,8,2025-06-24T16:39:35.553179,7_balls,7_balls/metadata/20250624_163805_856642_metadata.json
scratch/Ball_counting_CNN/ball_data_collection/7_balls/metadata/20250624_194106_504803_metadata.json,20250624_194106_504803,7,8,2025-06-24T19:42:24.079424,7_balls,7_balls/metadata/20250624_194106_504803_metadata.json
scratch/Ball_counting_CNN/ball_data_collection/7_balls/metadata/20250624_151801_670905_metadata.json,20250624_151801_670905,7,8,2025-06-24T15:19:11.307874,7_balls,7_balls/metadata/20250624_151801_670905_metadata.json
scratch/Ball_counting_CNN/ball_data_collection/7_balls/metadata/20250624_155939_104758_metadata.json,20250624_155939_104758,7,8,2025-06-24T16:01:09.207544,7_balls,7_balls/metadata/20250624_155939_104758_metadata.json
scratch/Ball_counting_CNN/ball_data_collection/7_balls/metadata/20250624_161112_726947_metadata.json,20250624_161112_726947,7,8,2025-06-24T16:12:33.110432,7_balls,7_balls/metadata/20250624_161112_726947_metadata.json
scratch/Ball_counting_CNN/ball_data_collection/7_balls/metadata/20250624_150810_566575_metadata.json,20250624_150810_566575,7,8,2025-06-24T15:09:41.945204,7_balls,7_balls/metadata/20250624_150810_566575_metadata.json
scratch/Ball_counting_CNN/ball_data_collection/7_balls/metadata/20250624_164541_415636_metadata.json,20250624_164541_415636,7,8,2025-06-24T16:47:24.616134,7_balls,7_balls/metadata/20250624_164541_415636_metadata.json
scratch/Ball_counting_CNN/ball_data_collection/7_balls/metadata/20250624_160830_072663_metadata.json,20250624_160830_072663,7,8,2025-06-24T16:09:57.379441,7_balls,7_balls/metadata/20250624_160830_072663_metadata.json
scratch/Ball_counting_CNN/ball_data_collection/7_balls/metadata/20250624_195519_545687_metadata.json,20250624_195519_545687,7,8,2025-06-24T19:56:56.407974,7_balls,7_balls/metadata/20250624_195519_545687_metadata.json
scratch/Ball_counting_CNN/ball_data_collection/7_balls/metadata/20250624_193640_105227_metadata.json,20250624_193640_105227,7,8,2025-06-24T19:38:03.772615,7_balls,7_balls/metadata/20250624_193640_105227_metadata.json
scratch/Ball_counting_CNN/ball_data_collection/7_balls/metadata/20250624_155446_719363_metadata.json,20250624_155446_719363,7,8,2025-06-24T15:56:10.951802,7_balls,7_balls/metadata/20250624_155446_719363_metadata.json
scratch/Ball_counting_CNN/ball_data_collection/7_balls/metadata/20250624_172634_485101_metadata.json,20250624_172634_485101,7,8,2025-06-24T17:27:48.114063,7_balls,7_balls/metadata/20250624_172634_485101_metadata.json
scratch/Ball_counting_CNN/ball_data_collection/7_balls/metadata/20250624_162330_848131_metadata.json,20250624_162330_848131,7,8,2025-06-24T16:24:55.597421,7_balls,7_balls/metadata/20250624_162330_848131_metadata.json
scratch/Ball_counting_CNN/ball_data_collection/7_balls/metadata/20250624_174604_010467_metadata.json,20250624_174604_010467,7,8,2025-06-24T17:47:31.414446,7_balls,7_balls/metadata/20250624_174604_010467_metadata.json
scratch/Ball_counting_CNN/ball_data_collection/7_balls/metadata/20250624_152633_479705_metadata.json,20250624_152633_479705,7,8,2025-06-24T15:28:04.309672,7_balls,7_balls/metadata/20250624_152633_479705_metadata.json
scratch/Ball_counting_CNN/ball_data_collection/8_balls/metadata/20250625_111046_166412_metadata.json,20250625_111046_166412,8,9,2025-06-25T11:12:20.448314,8_balls,8_balls/metadata/20250625_111046_166412_metadata.json
scratch/Ball_counting_CNN/ball_data_collection/8_balls/metadata/20250624_211339_319376_metadata.json,20250624_211339_319376,8,9,2025-06-24T21:15:00.929692,8_balls,8_balls/metadata/20250624_211339_319376_metadata.json
scratch/Ball_counting_CNN/ball_data_collection/8_balls/metadata/20250625_114008_084870_metadata.json,20250625_114008_084870,8,9,2025-06-25T11:41:33.459888,8_balls,8_balls/metadata/20250625_114008_084870_metadata.json
scratch/Ball_counting_CNN/ball_data_collection/8_balls/metadata/20250625_112852_978301_metadata.json,20250625_112852_978301,8,9,2025-06-25T11:30:31.907978,8_balls,8_balls/metadata/20250625_112852_978301_metadata.json
scratch/Ball_counting_CNN/ball_data_collection/8_balls/metadata/20250624_203739_963127_metadata.json,20250624_203739_963127,8,9,2025-06-24T20:39:13.161988,8_balls,8_balls/metadata/20250624_203739_963127_metadata.json
scratch/Ball_counting_CNN/ball_data_collection/8_balls/metadata/20250624_204349_857752_metadata.json,20250624_204349_857752,8,9,2025-06-24T20:45:15.217038,8_balls,8_balls/metadata/20250624_204349_857752_metadata.json
scratch/Ball_counting_CNN/ball_data_collection/8_balls/metadata/20250625_105125_286895_metadata.json,20250625_105125_286895,8,9,2025-06-25T10:52:59.883648,8_balls,8_balls/metadata/20250625_105125_286895_metadata.json
scratch/Ball_counting_CNN/ball_data_collection/8_balls/metadata/20250624_202004_705138_metadata.json,20250624_202004_705138,8,9,2025-06-24T20:21:26.344013,8_balls,8_balls/metadata/20250624_202004_705138_metadata.json
scratch/Ball_counting_CNN/ball_data_collection/8_balls/metadata/20250625_120822_229465_metadata.json,20250625_120822_229465,8,9,2025-06-25T12:09:42.925081,8_balls,8_balls/metadata/20250625_120822_229465_metadata.json
scratch/Ball_counting_CNN/ball_data_collection/8_balls/metadata/20250625_110124_980526_metadata.json,20250625_110124_980526,8,9,2025-06-25T11:03:02.911485,8_balls,8_balls/metadata/20250625_110124_980526_metadata.json
scratch/Ball_counting_CNN/ball_data_collection/8_balls/metadata/20250624_205414_926955_metadata.json,20250624_205414_926955,8,9,2025-06-24T20:55:42.857990,8_balls,8_balls/metadata/20250624_205414_926955_metadata.json
scratch/Ball_counting_CNN/ball_data_collection/8_balls/metadata/20250625_130213_476789_metadata.json,20250625_130213_476789,8,9,2025-06-25T13:03:42.502984,8_balls,8_balls/metadata/20250625_130213_476789_metadata.json
scratch/Ball_counting_CNN/ball_data_collection/8_balls/metadata/20250625_113547_660300_metadata.json,20250625_113547_660300,8,9,2025-06-25T11:37:23.515835,8_balls,8_balls/metadata/20250625_113547_660300_metadata.json
scratch/Ball_counting_CNN/ball_data_collection/8_balls/metadata/20250625_111853_220908_metadata.json,20250625_111853_220908,8,9,2025-06-25T11:20:13.642102,8_balls,8_balls/metadata/20250625_111853_220908_metadata.json
scratch/Ball_counting_CNN/ball_data_collection/8_balls/metadata/20250625_105454_252161_metadata.json,20250625_105454_252161,8,9,2025-06-25T10:56:46.979716,8_balls,8_balls/metadata/20250625_105454_252161_metadata.json
scratch/Ball_counting_CNN/ball_data_collection/8_balls/metadata/20250624_202635_498410_metadata.json,20250624_202635_498410,8,9,2025-06-24T20:28:15.621003,8_balls,8_balls/metadata/20250624_202635_498410_metadata.json
scratch/Ball_counting_CNN/ball_data_collection/8_balls/metadata/20250625_113123_029407_metadata.json,20250625_113123_029407,8,9,2025-06-25T11:32:58.297004,8_balls,8_balls/metadata/20250625_113123_029407_metadata.json
scratch/Ball_counting_CNN/ball_data_collection/8_balls/metadata/20250624_210037_591538_metadata.json,20250624_210037_591538,8,9,2025-06-24T21:02:19.705864,8_balls,8_balls/metadata/20250624_210037_591538_metadata.json
scratch/Ball_counting_CNN/ball_data_collection/8_balls/metadata/20250625_123123_084146_metadata.json,20250625_123123_084146,8,9,2025-06-25T12:32:48.612721,8_balls,8_balls/metadata/20250625_123123_084146_metadata.json
scratch/Ball_counting_CNN/ball_data_collection/8_balls/metadata/20250624_200358_346964_metadata.json,20250624_200358_346964,8,9,2025-06-24T20:05:30.876658,8_balls,8_balls/metadata/20250624_200358_346964_metadata.json
scratch/Ball_counting_CNN/ball_data_collection/9_balls/metadata/20250626_130809_103973_metadata.json,20250626_130809_103973,9,10,2025-06-26T13:09:44.003234,9_balls,9_balls/metadata/20250626_130809_103973_metadata.json
scratch/Ball_counting_CNN/ball_data_collection/9_balls/metadata/20250626_135159_393994_metadata.json,20250626_135159_393994,9,10,2025-06-26T13:53:50.800374,9_balls,9_balls/metadata/20250626_135159_393994_metadata.json
scratch/Ball_counting_CNN/ball_data_collection/9_balls/metadata/20250626_105648_063497_metadata.json,20250626_105648_063497,9,10,2025-06-26T10:58:31.940497,9_balls,9_balls/metadata/20250626_105648_063497_metadata.json
scratch/Ball_counting_CNN/ball_data_collection/9_balls/metadata/20250626_130117_431346_metadata.json,20250626_130117_431346,9,10,2025-06-26T13:03:01.456239,9_balls,9_balls/metadata/20250626_130117_431346_metadata.json
scratch/Ball_counting_CNN/ball_data_collection/9_balls/metadata/20250626_135534_818990_metadata.json,20250626_135534_818990,9,10,2025-06-26T13:57:17.556437,9_balls,9_balls/metadata/20250626_135534_818990_metadata.json
scratch/Ball_counting_CNN/ball_data_collection/9_balls/metadata/20250626_112040_254820_metadata.json,20250626_112040_254820,9,10,2025-06-26T11:22:25.500094,9_balls,9_balls/metadata/20250626_112040_254820_metadata.json
scratch/Ball_counting_CNN/ball_data_collection/9_balls/metadata/20250626_140546_057749_metadata.json,20250626_140546_057749,9,10,2025-06-26T14:07:28.599294,9_balls,9_balls/metadata/20250626_140546_057749_metadata.json
scratch/Ball_counting_CNN/ball_data_collection/9_balls/metadata/20250626_110510_960826_metadata.json,20250626_110510_960826,9,10,2025-06-26T11:06:59.698760,9_balls,9_balls/metadata/20250626_110510_960826_metadata.json
scratch/Ball_counting_CNN/ball_data_collection/9_balls/metadata/20250625_183620_219279_metadata.json,20250625_183620_219279,9,10,2025-06-25T18:38:26.392833,9_balls,9_balls/metadata/20250625_183620_219279_metadata.json
scratch/Ball_counting_CNN/ball_data_collection/9_balls/metadata/20250626_134507_041413_metadata.json,20250626_134507_041413,9,10,2025-06-26T13:46:59.608314,9_balls,9_balls/metadata/20250626_134507_041413_metadata.json
scratch/Ball_counting_CNN/ball_data_collection/9_balls/metadata/20250626_103215_269636_metadata.json,20250626_103215_269636,9,10,2025-06-26T10:34:01.526180,9_balls,9_balls/metadata/20250626_103215_269636_metadata.json
scratch/Ball_counting_CNN/ball_data_collection/9_balls/metadata/20250625_190257_235559_metadata.json,20250625_190257_235559,9,10,2025-06-25T19:04:30.076950,9_balls,9_balls/metadata/20250625_190257_235559_metadata.json
scratch/Ball_counting_CNN/ball_data_collection/9_balls/metadata/20250625_184403_315928_metadata.json,20250625_184403_315928,9,10,2025-06-25T18:45:41.317480,9_balls,9_balls/metadata/20250625_184403_315928_metadata.json
scratch/Ball_counting_CNN/ball_data_collection/9_balls/metadata/20250626_141555_586649_metadata.json,20250626_141555_586649,9,10,2025-06-26T14:17:41.485913,9_balls,9_balls/metadata/20250626_141555_586649_metadata.json
scratch/Ball_counting_CNN/ball_data_collection/9_balls/metadata/20250625_182648_595273_metadata.json,20250625_182648_595273,9,10,2025-06-25T18:28:19.366750,9_balls,9_balls/metadata/20250625_182648_595273_metadata.json
scratch/Ball_counting_CNN/ball_data_collection/9_balls/metadata/20250626_125627_727680_metadata.json,20250626_125627_727680,9,10,2025-06-26T12:58:16.446985,9_balls,9_balls/metadata/20250626_125627_727680_metadata.json
scratch/Ball_counting_CNN/ball_data_collection/9_balls/metadata/20250626_111108_738917_metadata.json,20250626_111108_738917,9,10,2025-06-26T11:12:54.648436,9_balls,9_balls/metadata/20250626_111108_738917_metadata.json
scratch/Ball_counting_CNN/ball_data_collection/9_balls/metadata/20250626_134858_353441_metadata.json,20250626_134858_353441,9,10,2025-06-26T13:50:39.540176,9_balls,9_balls/metadata/20250626_134858_353441_metadata.json
scratch/Ball_counting_CNN/ball_data_collection/10_balls/metadata/20250626_174448_459170_metadata.json,20250626_174448_459170,10,11,2025-06-26T17:46:38.831046,10_balls,10_balls/metadata/20250626_174448_459170_metadata.json
scratch/Ball_counting_CNN/ball_data_collection/10_balls/metadata/20250626_171831_139983_metadata.json,20250626_171831_139983,10,11,2025-06-26T17:20:28.955630,10_balls,10_balls/metadata/20250626_171831_139983_metadata.json
scratch/Ball_counting_CNN/ball_data_collection/10_balls/metadata/20250626_170342_668788_metadata.json,20250626_170342_668788,10,11,2025-06-26T17:05:26.450031,10_balls,10_balls/metadata/20250626_170342_668788_metadata.json
scratch/Ball_counting_CNN/ball_data_collection/10_balls/metadata/20250626_165321_107300_metadata.json,20250626_165321_107300,10,11,2025-06-26T16:55:27.869362,10_balls,10_balls/metadata/20250626_165321_107300_metadata.json
scratch/Ball_counting_CNN/ball_data_collection/10_balls/metadata/20250626_145823_657871_metadata.json,20250626_145823_657871,10,11,2025-06-26T15:00:33.900555,10_balls,10_balls/metadata/20250626_145823_657871_metadata.json
scratch/Ball_counting_CNN/ball_data_collection/10_balls/metadata/20250626_185612_451728_metadata.json,20250626_185612_451728,10,11,2025-06-26T18:58:03.730015,10_balls,10_balls/metadata/20250626_185612_451728_metadata.json
scratch/Ball_counting_CNN/ball_data_collection/10_balls/metadata/20250626_174038_865708_metadata.json,20250626_174038_865708,10,11,2025-06-26T17:42:37.559096,10_balls,10_balls/metadata/20250626_174038_865708_metadata.json
scratch/Ball_counting_CNN/ball_data_collection/10_balls/metadata/20250626_170741_346768_metadata.json,20250626_170741_346768,10,11,2025-06-26T17:09:26.959022,10_balls,10_balls/metadata/20250626_170741_346768_metadata.json
scratch/Ball_counting_CNN/ball_data_collection/10_balls/metadata/20250626_143624_614147_metadata.json,20250626_143624_614147,10,11,2025-06-26T14:38:14.906154,10_balls,10_balls/metadata/20250626_143624_614147_metadata.json
scratch/Ball_counting_CNN/ball_data_collection/10_balls/metadata/20250626_175000_010513_metadata.json,20250626_175000_010513,10,11,2025-06-26T17:52:17.640781,10_balls,10_balls/metadata/20250626_175000_010513_metadata.json
scratch/Ball_counting_CNN/ball_data_collection/10_balls/metadata/20250626_190820_076244_metadata.json,20250626_190820_076244,10,11,2025-06-26T19:10:16.216505,10_balls,10_balls/metadata/20250626_190820_076244_metadata.json
scratch/Ball_counting_CNN/ball_data_collection/10_balls/metadata/20250626_185934_018900_metadata.json,20250626_185934_018900,10,11,2025-06-26T19:01:35.327766,10_balls,10_balls/metadata/20250626_185934_018900_metadata.json
scratch/Ball_counting_CNN/ball_data_collection/10_balls/metadata/20250626_171525_362145_metadata.json,20250626_171525_362145,10,11,2025-06-26T17:17:12.148796,10_balls,10_balls/metadata/20250626_171525_362145_metadata.json
scratch/Ball_counting_CNN/ball_data_collection/10_balls/metadata/20250626_155907_619338_metadata.json,20250626_155907_619338,10,11,2025-06-26T16:01:01.585711,10_balls,10_balls/metadata/20250626_155907_619338_metadata.json
scratch/Ball_counting_CNN/ball_data_collection/10_balls/metadata/20250626_184150_963177_metadata.json,20250626_184150_963177,10,11,2025-06-26T18:43:46.911262,10_balls,10_balls/metadata/20250626_184150_963177_metadata.json
scratch/Ball_counting_CNN/ball_data_collection/10_balls/metadata/20250626_180757_364723_metadata.json,20250626_180757_364723,10,11,2025-06-26T18:09:43.992249,10_balls,10_balls/metadata/20250626_180757_364723_metadata.json
